"CONTRATO";"OBJETO_CONTRATO";"DATA_INICIO_CONTRATO";"DATA_TERMINO_CONTRATO";"DATA_RESCISAO";"TERMO_RESCISAO";"JUSTIFICATIVA";"MOTIVO_OCORRENCIA";"MOTIVOS_ESPECIFICOS"
CT-00050/2021;CONSERVA VALE;2021-05-19 00:00:00;2024-05-18 00:00:00;2022-03-14 00:00:00;"370/2022";Em razão do descumprimento de cláusulacontratuais, cumprimento irregular das cláusulas contratuais, desatendimento de dedeterminações expedidas pela administração e cumprimento reiterado de faltas na sua execução.;Por Ato unilateral da Administração;
CT-00090/2021;CONSERVA LITORAL;2021-06-25 00:00:00;2024-06-24 00:00:00;2021-12-10 00:00:00;"3565/2021";Em razão das graves falhas cometidas pela Contratada na execução do objeto contratual, verificou-se que a empresa incorreu no descumprimento de cláusulas contratuais cumprimento irregular de cláusulas contratuais, morosidade na execução do contrato.;Por Ato unilateral da Administração;
CT-00100/2021;TAPA BURACO SUL;2021-07-14 00:00:00;2024-07-13 00:00:00;2021-11-12 00:00:00;TR100/2021;AMIGÁVEL;Rescisão amigável;
CT-00085/2021/SED;EEB GOVERNADOR PEDRO IVO FIGUEIREDO DE CAMPOS;2021-06-16 00:00:00;2022-06-11 00:00:00;2022-02-10 00:00:00;"1";"O Contratante resolve rescindir o contrato em conformidade com o art. 58, inciso II, o artigo 79, inciso I, e o artigo 78, incisos I,
II, III e V da Lei 8666/93";Por Ato unilateral da Administração;
CT-00086/2021/SED;EEB ANÍSIO VICENTE DE FREITAS;2021-06-16 00:00:00;2022-06-11 00:00:00;2022-03-18 00:00:00;"001/2022";"O Contratante resolve em conformidade com o art. 58, inciso II, o artigo 79, inciso I, e o artigo 78, incisos I,
II e III da Lei 8666/93, RESCINDIR o Contrato nº 86/2021,";Por Ato unilateral da Administração;
CT-00087/2021/SED;EEB PERO VAZ DE CAMINHA;2021-06-16 00:00:00;2022-04-12 00:00:00;2022-02-22 00:00:00;"001/2022";"O Contratante resolve em conformidade com o art. 58, inciso II, artigo 78, incisos I, II, III e IV, artigo 79,
inciso I, da Lei 8666/93, RESCINDIR o Contrato nº 87/2021";Rescisão amigável;
CT-00129/2021/SED;EEB MARIA CORREA SAAD;2021-06-29 00:00:00;2021-09-27 00:00:00;2021-09-23 00:00:00;"001/2021"; Rescisão amigável pois o objeto  já  foi  anteriormente  licitado,  contratado  e entregue à Administração Pública Estadual;Rescisão amigável;
CT-00146/2021/SED;EEB FRANCISCO MANFROI;2021-06-29 00:00:00;2022-01-25 00:00:00;2022-03-04 00:00:00;"001";As partes CONTRATANTE e CONTRATADA, resolvem, rescindir o contrato, em conformidade  como Art. 79, inciso II  e  o  artigo  78,  inciso  XII,  da  Lei  8.666/93;Rescisão amigável;
CT-00203/2021/SED;CEDUP DR JORGE LACERDA;2021-06-29 00:00:00;2021-12-26 00:00:00;2021-10-22 00:00:00;"1";A  presente rescisão  se dá por ato unilateral  da SED, com base  na  Cláusula  Décima Terceira, item  13.1, alínea ?k? do instrumento contratual, fundada no do art. 78, I c/c art. 79, I, ambos da Lei 8.666/93.;Por Ato unilateral da Administração;
CT-00180/2021/SED;EEB SARA CASTELHANO KLEINKAUF;2021-06-29 00:00:00;2021-09-27 00:00:00;2021-10-25 00:00:00;"1";Rescindir em conformidade com o artigo 58, inciso II, o artigo 79,  inciso  I  e  o  artigo  78,  inciso  XIII,  da  Lei    nº    8.666/93;Por Ato unilateral da Administração;
CT-00204/2021/SED;EEB ISABEL DA SILVA TELLES;2021-06-29 00:00:00;2022-03-26 00:00:00;2022-01-31 00:00:00;"0001";A  presente  rescisão  se  dá  por  ato  unilateral  da  SED,  fundada  na  Cláusula Décima, item 13.1, alínea ?a?, bem como no art. 78, incisos I, II, III, e V c/c art. 79, inciso I, ambos da Lei 8.666/93;Por Ato unilateral da Administração;
CT-00205/2021/SED;EEB ALVINO TRIBESS;2021-06-29 00:00:00;2021-09-27 00:00:00;2021-10-20 00:00:00;"1";Rescindir em conformidade com o artigo 58, inciso II, o artigo 79,  inciso  I  e  o  artigo  78, inciso    I,    da    Lei    nº    8.666/93.;Por Ato unilateral da Administração;
CT-00206/2021/SED;EEB UDO DEEKE;2021-06-29 00:00:00;2021-09-27 00:00:00;2021-10-25 00:00:00;"001";"A presente rescisão se dá por ato unilateral da SED, com base na Cláusula Décima Terceira, item 13.1,
alínea ?a? do instrumento contratual, fundada no art. 78, I c/c art. 79, I, ambos da Lei 8.666/93";Por Ato unilateral da Administração;
CT-00184/2021/SED;EEB RAUL POMPEIA;2021-06-29 00:00:00;2022-01-25 00:00:00;2021-10-25 00:00:00;"1";O Contratante resolve, em conformidade com o artigo 58, inciso II, o artigo 79,  inciso I e artigo 78, inciso I, da Lei nº 8.666/93, RESCINDIR o Contrato nº 180/2021;Por Ato unilateral da Administração;
CT-00245/2021/SED;EEB MARTINHO ALVES DOS SANTOS;2021-07-14 00:00:00;2021-10-12 00:00:00;2021-10-01 00:00:00;"001/2021";A  rescisão  tem  por  fundamento  o  art.  79,  II,  da  Lei  nº  8.666,  de  1993,  considerando  as  divergências  na execução  do  contrato  em  questão,  uma  vez  que  o  parecer  técnico  conclui  que  o  contrato  já  encontra-se atendido;Rescisão amigável;
CT-00249/2021/SED;E.E.B. SENADOR FRANCISCO BENJAMIM GALLOTTI;2021-07-14 00:00:00;2021-09-12 00:00:00;2021-11-18 00:00:00;"001/2021";A  rescisão  tem  por  fundamento  o  art.  79,  II,  da  Lei  nº  8.666,  de  1993,  considerando  a  supressão  do  item contratado  ?Projeto  Arquitetônico  ?  Layout  do  existente  com  Levantamento  e  desenho  técnico?,  através  do Contrato D;Rescisão amigável;
CT-00251/2021/SED;EEB IMACULADA CONCEIÇÃO;2021-06-29 00:00:00;2021-09-27 00:00:00;2021-10-01 00:00:00;"001/2021";A  rescisão  tem  por  fundamento  o  art.  79,  II,  da  Lei  nº  8.666,  de  1993,  considerando  as  divergências  na execução  do  contrato  em  questão,  uma  vez  que  o  parecer  técnico  conclui  que  o  contrato  já  encontra-se atendido;Rescisão amigável;
CT-00454/2021/SES-FESAUDE;HOSPITAL REGIONAL DE SÃO JOSÉ - DR. HOMERO DE MIRANDA GOMES;2021-11-19 00:00:00;2022-05-18 00:00:00;2022-04-29 00:00:00;;Conforme JUSTIFICATIVA TÉCNICA Nº002/GEOMA/2022, a qual pode ser acessada no site eletrônico do SGPE com o número de Processo SES 59660/2022.;Por Ato unilateral da Administração;
CT-00009/2020;ILUMINAÇÃO CÊNICA DA PONTE HERCÍLIO LUZ;2020-04-01 00:00:00;2020-11-25 00:00:00;2021-02-24 00:00:00;"001/2020";RESCISÃO    UNILATERAL    DO    CONTRATO   CT    009/2020,    bem    como    DA SUSPENSÃO   DE   02   (DOIS)   ANOS   DE   PARTICIPAÇÃO   DA   EMPRESA   EM LICITAÇÕES E CONTRATAR COM A ADMINISTRAÇÃO, tudo com fulcro na Cláusula Sexta, 2, item ?e? e C;Por Ato unilateral da Administração;
CT-00004/2020;PONTE RIO ITOUPAVA;;;2021-05-12 00:00:00;"004/2020";Rescisão Amigavel.;Rescisão amigável;
CT-00043/2020;OBRAS DA PONTE SOBRE O RIO CAÇADOR SC 283;2020-07-15 00:00:00;2021-02-10 00:00:00;2021-02-19 00:00:00;DOE 21.477;"Conforme Processo SIE 247/2021
Publicado no DOE de 12/03/2021";Por Ato unilateral da Administração;
CT-00079/2020;PASSARELA DE PEDESTRES - ACESSO RATONES;2021-01-22 00:00:00;2021-07-21 00:00:00;2022-01-28 00:00:00;;"Conforme processo SIE 8991/2021
Publicado DOE SC 21.698 em 28/01/2022";Por Ato unilateral da Administração;
CT-00077/2020/SED;EEB CECÍLIA BERTHA HILDEGARD CARDOSO;2020-10-22 00:00:00;2021-08-18 00:00:00;2021-08-20 00:00:00;"1"; Rescindir em conformidade com o artigo 58, inciso II, o artigo 79, inciso I e o artigo 78, inciso I, da Lei nº 8.666/93;Por Ato unilateral da Administração;
CT-00014/2020/SSP-FMSP;FUMPC - FUNDO DE MELHORIA DA POLÍCIA CIVIL;2020-10-05 00:00:00;2021-08-01 00:00:00;2021-11-03 00:00:00;;"RESCISÃO UNILATERAL. FUNDAMENTO, NO ART. 78, I, DA LEI Nº 8.666/93. VIOLAÇÃO À CLÁUSULA 9°, ALÍNEAS ?A?, ?B?, ?C?, ?D?, ?E? E ?G?, E À CLÁUSULA SEXTA, ALÍNEA ?I?, CONTRATO Nº 014/SSP/2020. ATENDIDOS OS
CRITÉRIO LEGAIS. POSSIBILIDADE JURÍDICO.";Por Ato unilateral da Administração;
CT-00377/2020/SES-FESAUDE;MATERNIDADE DARCY VARGAS;;;2022-02-23 00:00:00;"001/2022";A instalação não foi efetuada pela Empresa contratada e sem utilizar os recursos empenhados. A Maternidade realizou os serviços por conta própria em área diferente da definida no edital e sem o acompanhamento da fiscalização. Processo SES 4257/2019.;Por Ato unilateral da Administração;
CT-00269/2020/SED;EEB APARÍCIO JÚLIO FARRAPO;2020-11-24 00:00:00;2021-07-22 00:00:00;2021-07-22 00:00:00;;"A presente rescisão se dá por ato unilateral da SED, com base no item 10.1, alínea ?a? da Cláusula Décima
do instrumento contratual, fundada no do art. 78, I c/c art. 79, I, ambos da Lei 8.666/93.";Por Ato unilateral da Administração;
AS-00300/2020/SSP-FMPC;DELEGACIA DE POLÍCIA (DRP DPCAMI DETRAN IGP) FUTURAS INSTALAÇÕES;2021-02-01 00:00:00;2021-06-01 00:00:00;2021-09-10 00:00:00;"300/SECOM/2020";Com  fundamento  nos  arts.  78,  I  c/c  79,  I  da  Lei  da Lei n.º 8.666/93 e conforme cláusula a seguir;Por Ato unilateral da Administração;
CT-00288/2020/SED;EEB EMÍLIA BOOS LAUS SCHMIDT;2021-01-14 00:00:00;2021-06-13 00:00:00;2021-11-12 00:00:00;"1";A rescisão tem por fundamento o art. 79, c/c o art. 81 da Lei Federal nº 8.666/93, considerando que a  empresa alega  não  ter  dado  início  a  obra.;Por Ato unilateral da Administração;
CT-00227/2020/SSP-FUMPOM;POLÍCIA MILITAR  CORPO DE BOMBEIROS MILITAR;2020-12-28 00:00:00;2021-03-28 00:00:00;2022-05-24 00:00:00;;A presente rescisão ampara-se no inciso I do Art. 79 da Lei nº 8.666/93 e Cláusula Oitava, Caput e inciso I do Contrato n. 227/PMSC/202, motivada pelo não cumprimento de cláusulas contratuais (Cláusula Quinta, inciso I - obrigações da Contratada, alínea ?a? e ?h?).;Por Ato unilateral da Administração;
CT-00138/2020/SSP-FUMCBM;VIAS MUNICIPAIS;2021-02-25 00:00:00;2021-08-24 00:00:00;2021-08-19 00:00:00;"138";"Constitui o objeto do presente termo a rescisão amigável do Contrato nº 138-20-CBMSC,(i) em virtude dos vícios encontrados no processo desde o seu início; e, (ii) por solicitação da contratada devido a dificuldades financeiras e operacionais, em obse";Rescisão amigável;
PJ-00001/2019;PASSARELA BR 101 - BRUSQUE;2019-07-15 00:00:00;2020-11-03 00:00:00;2021-06-09 00:00:00;;RESCISÃO AMIGÁVEL;Rescisão amigável;
CT-00015/2019;CONSERVA EXTREMO OESTE;2019-10-01 00:00:00;2022-09-30 00:00:00;2020-07-27 00:00:00;"015.2019";RESCISÃO UNILATERAL.;Por Ato unilateral da Administração;
CT-00001/2019/SDC-FUNDEC;RADAR METEROLOGICO DA DEFESA CIVIL;2019-01-16 00:00:00;2019-07-24 00:00:00;2019-11-25 00:00:00;"01/SDC/2019";conforme consubstanciado nos autos do Processo Administrativo n. 4222/2019;Por Ato unilateral da Administração;
CT-00109/2019/SSP-FUMPOM;POLÍCIA MILITAR DE SANTA CATARINA - CENTRO REGIONAL DE OPERAÇÕESSDC;2019-04-24 00:00:00;2019-08-25 00:00:00;2019-06-26 00:00:00;;Não entrega dos documentos solicitados;Por Ato unilateral da Administração;
CT-00043/2019/SAP-FPSC;COMPLEXO PENITENCIÁRIO DA REGIÃO DE CURITIBANOS;2019-10-01 00:00:00;2020-10-19 00:00:00;2020-10-19 00:00:00;"001";Em virtude ao  não interesse  da  contratada  em dar  continuidade a  obra  citada.  A  fiscalização  e  a  Gerencia técnica  de Edificações tentaram por vários  meios dar  continuidade  a  execução,  porém sem sucesso.;Por Ato unilateral da Administração;
CT-00204/2019/SSP-FMSP;TERRENO SC 401-EM FRENTE FLORIPA SHOPPING - COMPLEXO DA SSP;2019-12-12 00:00:00;2020-05-10 00:00:00;2020-05-28 00:00:00;Rescisão CT 204/2019;Tendo em vista o processo adinistrativo SGP-e n°SSP/2730/2019 e em observância ao disposto no art. I, daLei 8.666/93 e Cláusula Nona, do Contrato celebrado com empresa SINAL.;Por Ato unilateral da Administração;
AD-00004/2019/SSP-FUMPOM;CORPO DE BOMBEIROS MILITAR E POLÍCIA MILITAR DE SANTA CATARINA;2019-12-05 00:00:00;2020-04-03 00:00:00;2019-12-05 00:00:00;;Necessário para inativar contrato Sicop, visto que a obra (via aquisição direta) não foi realizada por falta de empenho.;Por Ato unilateral da Administração;
AD-00005/2019/SSP-FUMPOM;CORPO DE BOMBEIROS MILITAR E POLÍCIA MILITAR DE SANTA CATARINA;2019-12-05 00:00:00;2020-02-03 00:00:00;2019-12-05 00:00:00;;Necessário para inativar contrato Sicop, visto que a obra (via aquisição direta) não foi realizada por falta de empenho.;Por Ato unilateral da Administração;
AD-00006/2019/SSP-FUMPOM;CORPO DE BOMBEIROS MILITAR E POLÍCIA MILITAR DE SANTA CATARINA;2019-12-05 00:00:00;2020-02-03 00:00:00;2019-12-05 00:00:00;;Necessário para inativar contrato Sicop, visto que a obra (via aquisição direta) não foi realizada por falta de empenho.;Por Ato unilateral da Administração;
CT-00224/2019/SED;EEB PROFESSORA ZÉLIA SCHARF;2020-02-19 00:00:00;2021-09-15 00:00:00;2021-10-18 00:00:00;; A presente rescisão se dá por ato unilateral da SED, com base na Cláusula Décima,  item  10.1,  alínea  ?a?  do    instrumento    contratual,    fundada    no    do    art.  78,  I,  II  e  V  c/c  art.  79,  I,  ambos  da  Lei  8.666/93.;Por Ato unilateral da Administração;
PJ-00095/2018;CONSERVA OESTE;2018-09-17 00:00:00;2021-09-16 00:00:00;2020-09-24 00:00:00;unilateral;"rescisão unilateral.
processo SIE 10855.2019";Por Ato unilateral da Administração;
CT-00008/2018/SIE;RODOVIAS ESTADUAIS;2018-06-25 00:00:00;2019-06-30 00:00:00;2019-10-31 00:00:00;DO 21.136;Processo SIE 8284/2019;Por Ato unilateral da Administração;
CT-00206/2018/SES-FESAUDE;HOSPITAL INFANTIL JOANA DE GUSMÃO - HOSPITAL NEREU RAMOS(PROJETO DE DOAÇÃO EM TRAMITAÇÃO LEI 17.407);2018-04-02 00:00:00;2018-09-29 00:00:00;2019-07-18 00:00:00;"1/2019";Art. 79, I e Art. 78, incisos I, ;Por Ato unilateral da Administração;
CT-00187/2018/SSP-FUMCBM;CORPO DE BOMBEIROS MILITAR;2018-04-03 00:00:00;2019-03-29 00:00:00;2019-08-27 00:00:00;;Dificuldade no mercado para montagem dos toldos e demora para uma solução alternativa. Além da alteração do local a qual seria beneficiado, houve por parte da administração pública a desistiu de realizar o serviço. (Nenhum recurso utilizado).;Rescisão amigável;
CT-00077/2018/SED;EEB DOM JAIME DE BARROS CÂMARA;2018-06-19 00:00:00;2021-03-05 00:00:00;2021-11-05 00:00:00;"001/2021";A  presente  rescisão  se  dá  por  ato  unilateral  da  SED,  fundada  na  Cláusula Décima, item 10.1, alínea ?a?, bem como  no  art.  78,  incisos  I,  II,  III  e  V  c/c  art.  79,  inciso  I,  ambos  da  Lei  8.666/93;Por Ato unilateral da Administração;
CT-00037/2018/ADR-JVE;EEB DR. PAULO MEDEIROS;2018-09-05 00:00:00;2018-09-20 00:00:00;2018-09-05 00:00:00;;Atendido pelo contrato de manutenção ;Rescisão amigável;
AD-00005/2018/SSP-FUMPOM;CORPO DE BOMBEIROS MILITAR E POLÍCIA MILITAR DE SANTA CATARINA;2018-10-25 00:00:00;2018-11-24 00:00:00;2018-10-25 00:00:00;;Obra não realizada;Por Ato unilateral da Administração;
PJ-00034/2017;BR 101 - GASPAR (RODOVIA JORGE LACERDA);2017-06-22 00:00:00;2019-12-31 00:00:00;2020-04-24 00:00:00;D.O 21.255;Em razão   do não cumprimento e  do cumprimento irregular   de cláusulas contratuais;Por Ato unilateral da Administração;
PJ-00119/2017;JABORÁ - OURO;2017-09-19 00:00:00;2019-04-02 00:00:00;2019-03-28 00:00:00;DO 20.987;Conforme processo  DEINFRA 4382/2019.;Por Ato unilateral da Administração;
PJ-00144/2017;INTERSEÇÃO SC-301: BR-282 RIO NEGRINHO - SÃO BENTO;2017-08-14 00:00:00;2017-11-12 00:00:00;2018-10-09 00:00:00;"0318/2018";Processo Deinfra 17006/2018;Por Ato unilateral da Administração;
PJ-00192/2017;GRADES E CERCAS TUNEL ANTONIETA DE BARROS;;;2019-04-30 00:00:00;"192.2017";AMIGÁVEL;Rescisão amigável;
PJ-00153/2017;CONTENÇÃO SC-110, TRECHO: VIDAL RAMOS - ITUPORANGA;;;2018-10-09 00:00:00;"0318/2018";Processo DEINFRA 17006/2018;Por Ato unilateral da Administração;
PJ-00154/2017;PASSARELA SC-157 ENTR. NORTE E SUL SC-482 QUILOMBO;;;2018-10-09 00:00:00;"0318/2018";Processo DEINFRA 17006/2018;Por Ato unilateral da Administração;
PJ-00262/2017;CONSERVA MEIO OESTE;2018-04-09 00:00:00;2021-04-08 00:00:00;2018-08-08 00:00:00;"262/2017";UNILATERAL;Por Ato unilateral da Administração;
PJ-00086/2017;REFORMA PARCIAL;2018-11-05 00:00:00;2022-01-01 00:00:00;2020-10-23 00:00:00;"001/2020";Termo Rescisão amigável;Rescisão amigável;
PJ-00087/2017;REFORMA PARCIAL COBERTURA;2018-11-05 00:00:00;2019-03-05 00:00:00;2020-10-23 00:00:00;;Em decorrência dos motivos  elencados  no  processo DEINFRA  6075/2019,  de  09/04/2019,  bem  como  nos  documentos  a  eles  anexados, todos acompanhados e ratificados pela empresa construtora das obras em comento e, com fundamento no art. 79;Rescisão amigável;
PJ-00236/2017;ESC. TALUDE SC435 BR282 - SÃO BONIFÁCIO;;;2021-12-06 00:00:00;TR;amigável;Rescisão amigável;
AD-00002/2017/SSP-FUMPOM;CORPO DE BOMBEIROS MILITAR E POLÍCIA MILITAR DE SANTA CATARINA;2016-09-28 00:00:00;2016-12-31 00:00:00;2016-09-28 00:00:00;;Necessário para inativar contrato Sicop, visto que a obra (via aquisição direta) não foi realizada por falta de empenho.;Por Ato unilateral da Administração;
AD-00001/2017/SSP-FUMPOM;CORPO DE BOMBEIROS MILITAR E POLÍCIA MILITAR DE SANTA CATARINA;2017-01-24 00:00:00;2018-01-24 00:00:00;2017-01-24 00:00:00;;Necessário para inativar contrato Sicop, visto que a obra (via aquisição direta) não foi realizada por falta de empenho.;Por Ato unilateral da Administração;
CT-00007/2017/SDC;SEDE DA SECRETARIA DE ESTADO DA DEFESA CIVIL;2017-03-01 00:00:00;2017-08-28 00:00:00;2017-09-29 00:00:00;"01/2017";Rescisão unilateral do contrato, a contar de 29 de setembro de 2017, conforme art. 79, inciso I da lei 8.666/1993, clausula sétima do contrato e incisos I, III e VI do artigo 78 da lei nº 8.666/1993. Processo SDC 5101/2017;Por Ato unilateral da Administração;
CT-00004/2017/ADR-PLI;RODOVIAS ESTADUAIS;2017-04-12 00:00:00;2018-01-07 00:00:00;2017-08-24 00:00:00;;"Rescisão amigável de acordo com o artigo 79 inciso II da Lei 8.666/93 e cláusula 16ª item 02 do citado Contrato. Por motivo de incapacidade no comprimento do objeto em tempo hábil. Publicado no DOE 20604 do dia 25/08/2017.
";Rescisão amigável;
AD-00005/2017/SSP-FUMPOM;CORPO DE BOMBEIROS MILITAR E POLÍCIA MILITAR DE SANTA CATARINA;2017-05-12 00:00:00;2017-12-28 00:00:00;2017-05-12 00:00:00;;Necessário para inativar contrato Sicop, visto que a obra (via aquisição direta) não foi realizada por falta de empenho.;Por Ato unilateral da Administração;
AD-00009/2017/SSP-FUMPOM;CORPO DE BOMBEIROS MILITAR E POLÍCIA MILITAR DE SANTA CATARINA;2017-05-26 00:00:00;2018-05-26 00:00:00;2017-05-26 00:00:00;;Necessário para inativar contrato Sicop, visto que a obra (via aquisição direta) não foi realizada por falta de empenho.;Por Ato unilateral da Administração;
AD-00010/2017/SSP-FUMPOM;CORPO DE BOMBEIROS MILITAR E POLÍCIA MILITAR DE SANTA CATARINA;2017-05-31 00:00:00;2018-05-31 00:00:00;2017-05-31 00:00:00;;Necessário para inativar contrato Sicop, visto que a obra (via aquisição direta) não foi realizada por falta de empenho.;Por Ato unilateral da Administração;
CT-00034/2017/ADR-JVE;CENTRO DE INOVAÇÃO DE JOINVILLE- INOVA@SC (FUTURAS INSTALAÇÕES);2017-10-16 00:00:00;2018-06-13 00:00:00;2019-01-25 00:00:00;;Não houve andamento do contrato em função da falta de licenças ambientais.;Rescisão amigável;
CT-00029/2017/ADR-CUA;MANUTENÇÃO BEM PÚBLICO - ADR DE CRICIÚMA;2017-11-09 00:00:00;2018-02-07 00:00:00;2018-01-30 00:00:00;"01";Devido a Agencia não saldo Orçamentário para a Execução.;Rescisão amigável;
CT-00030/2017/ADR-CUA;MANUTENÇÃO BEM PÚBLICO - ADR DE CRICIÚMA;2017-11-09 00:00:00;2018-02-07 00:00:00;2018-01-30 00:00:00;"01";Devido a Agencia não saldo Orçamentário para a Execução.;Rescisão amigável;
CT-00031/2017/ADR-CUA;MANUTENÇÃO BEM PÚBLICO - ADR DE CRICIÚMA;2017-11-09 00:00:00;2018-02-07 00:00:00;2018-01-30 00:00:00;"01";Devido a Agencia não saldo Orçamentário para a Execução.;Rescisão amigável;
CT-00032/2017/ADR-CUA;MANUTENÇÃO BEM PÚBLICO - ADR DE CRICIÚMA;2017-11-09 00:00:00;2018-02-07 00:00:00;2018-01-30 00:00:00;"01";Devido a Agencia não saldo Orçamentário para a Execução.;Rescisão amigável;
CT-00538/2017/SSP-FMSP;DELEGACIA DE POLICIA;2018-04-10 00:00:00;2019-03-06 00:00:00;2020-05-27 00:00:00;;A empresa contratada não cumpriu com  as condições estipuladas  no  contrato, bem como,  foi  concedido termo  aditivo de prorrogação  de  prazo de entrega, o    qual também não foi  respeitado,  sendo que o   prazo  de  entrega  esgotou-se sem que h;Por Ato unilateral da Administração;
CT-00032/2017/ADR-LGA;EEB COMENDADOR ROCHA,EEB. PROFESSORA GRACINDA A. MACHADO,EEB FREDERICO SANTOS;2017-12-07 00:00:00;2018-01-06 00:00:00;2018-02-19 00:00:00;"001";CONFORME RESCISÃO CONTRATUAL CONSENSUAL N° 001/2018;Rescisão amigável;
CT-00123/2017/SST;CENTRO DE REFERÊNCIA DE ASSISTÊNCIA SOCIAL - CRAS;2017-12-20 00:00:00;2018-06-18 00:00:00;2018-08-10 00:00:00;;"Considerando a inadimplência da contratada no que tange à execução total da obra, prevista na Cláusula Décima Terceira do instrumento original;
";Por Ato unilateral da Administração;
CT-00145/2017/SST;CENTRO DE REFERÊNCIA DE ASSISTÊNCIA SOCIAL - CRAS;2018-12-20 00:00:00;2019-06-18 00:00:00;2018-08-21 00:00:00;;Considerando a inadimplência da contratada no que tange à execução total da obra.;Por Ato unilateral da Administração;
CT-00148/2017/SST;CENTRO DE REFERÊNCIA DE ASSISTÊNCIA SOCIAL - CRAS;2017-12-20 00:00:00;2018-06-18 00:00:00;2018-08-21 00:00:00;;"Inadimplência da contratada no que tange à execução total da obra;";Por Ato unilateral da Administração;
PJ-00282/2016;SINALIZAÇÃO TRAFIC CALM - JOINVILLE;2017-03-27 00:00:00;2019-05-16 00:00:00;2020-07-30 00:00:00;"282/2016";Rescisão amigável.;Rescisão amigável;
CT-00130/2016/FESAUDE;HOSPITAL REGIONAL DE SÃO JOSÉ - DR. HOMERO DE MIRANDA GOMES;2016-02-22 00:00:00;2016-09-28 00:00:00;2016-07-29 00:00:00;"1º Termo Rescisão";Necessidade de serviços extras acima do limite legal ;Rescisão amigável;
CT-00065/2016/SSP-FMSP;POLÍCIA MILITAR DE SANTA CATARINA E GINÁSIO MUNICIPAL;2016-02-29 00:00:00;2017-12-29 00:00:00;2017-12-11 00:00:00;;Fundamento na cláusula décima terceira do contrato e Art 78, V, ambos da Lei 8.666/93;Rescisão judicial;
CT-00076/2016/SSP-FMSP;DELEGACIA REGIONAL DE POLÍCIA DE ITAJAÍ;2016-03-16 00:00:00;2019-07-07 00:00:00;2019-05-30 00:00:00;;"A presente rescisão ocorre unilateralmente, tendo em vista o disposto no processo SSP
13139/2018 e com fundamento na Cláusula Décima Terceira do Contrato e Art. 78, V, da
Lei 8.666/93.";Por Ato unilateral da Administração;
AA-00171/2016/UDESC;UDESC  (SECRETARIA DO ESTADO DA FAZENDA SC) TRANSFERÊNCIA DO IMÓVEL PARA UDESC, E.I. SANTA TEREZINHA;2016-04-25 00:00:00;2016-10-22 00:00:00;2016-10-21 00:00:00;"171/UDESC/2016";Fica rescindido unilateralemente pela Administração da UDESC o contrato 171/UDESC/2016 a partir desta data, tendo em vista a inexecução de Cláusulas contratuais, conforme documentos probatórios constantes do Processo Administrativo n.º 12694/2016;Por Ato unilateral da Administração;
CT-00366/2016/UDESC;UDESC - FUNDAÇÃO UNIVERSIDADE DE SC;2016-06-23 00:00:00;2018-11-20 00:00:00;2018-10-18 00:00:00;"366-2016";"Rescisão Contratual, conjuntamente com as consequências contratuais previstas em Lei, nos termos dos artigos 77 a 79 da Lei 8666/1993; multa de 20% sobre o valor total do Contrato (Cláusula Décima Primeira, II, c, Contrato 366/2016)";Por Ato unilateral da Administração;
CT-00130/2016/SSP-FMSP;DELEGACIA REGIONAL DE POLÍCIA;2016-12-02 00:00:00;2019-05-21 00:00:00;2019-05-30 00:00:00;;"A presente rescisão ocorre unilateralmente, tendo em vista o disposto no processo SSP
13139/2018 e com fundamento na Cláusula Décima Terceira do Contrato e Art. 78, V, da
Lei 8.666/93.";Por Ato unilateral da Administração;
CT-00019/2016/ADR-CDR;MANUTENÇÃO BEM PÚBLICO - ADR DE VIDEIRA;2016-12-09 00:00:00;2017-01-02 00:00:00;2017-01-02 00:00:00;;O Contrato foi rescindido porque  não foi executado.;Rescisão amigável;
CT-00013/2016/SOL;SECRETARIA DE EST. TURIS. CULTURA E ESPORTE ADMINISTRA O IMÓVEL;2016-06-27 00:00:00;2018-06-22 00:00:00;2018-01-11 00:00:00;"013/2016";Segundo Relatório do Engenheiro Fiscal Responsável houve atraso no cronograma da obra e abandono do canteiro da obra, a empresa foi notificada por mais de uma vez e não respondeu a nenhuma notificação e nem a nenhuma comunicação desta secretaria;Por Ato unilateral da Administração;
PJ-00076/2015;CONSERVA VIA EXPRESSA SUL;2015-08-18 00:00:00;2017-08-07 00:00:00;2016-02-16 00:00:00;"076/2015";rescisão amigável.;Rescisão amigável;
PJ-00111/2015;PONTES NA SC-390, TRECHO: BR 116 - SÃO JORGE E ACE;2015-09-03 00:00:00;2016-07-29 00:00:00;2016-11-01 00:00:00;CA-0376/16;Rescisão unilateral constante no processo 4361/2016.;Por Ato unilateral da Administração;
CT-00107/2015 SES;HOSPITAL INFANTIL JOANA DE GUSMÃO - HOSPITAL NEREU RAMOS(PROJETO DE DOAÇÃO EM TRAMITAÇÃO LEI 17.407);2015-04-06 00:00:00;2018-08-09 00:00:00;2018-07-20 00:00:00;"1º Termo Rescisão";"1) inconsistências entre os projetos, memoriais e orçamento que, junto com a falta de detalhamentos, geram dúvidas no emprego de materiais
2)Falta de normas e diretrizes que garantam a segurança dos usuários.";Por Ato unilateral da Administração;
CT-00033/2015/CEART/UDESC;UDESC  (SECRETARIA DO ESTADO DA FAZENDA SC) TRANSFERÊNCIA DO IMÓVEL PARA UDESC;2015-07-10 00:00:00;2016-02-05 00:00:00;2015-12-16 00:00:00;"033/UDESC/2015";Fica o presente contrato rescindido amigavelmente por acordo entre as partes, segundo Clausula 8º do contrato de prestação de serviços n.º 033/UDESC/2015;Rescisão amigável;
CT-00115/2015/CBMSC;BATALHÃO DE AVIAÇÃO DA POLICIA MILITAR (UTILIZA COM CESSÃO DE USOAEROPORTO);2015-05-13 00:00:00;2015-08-11 00:00:00;2015-07-14 00:00:00;;"A solicitação se justifica pela necessidade de apresentação de Anotação
de Responsabilidade Técnica - ART junto ao Conselho Regional de
Engenharia e Arquitetura - CREA, da execução da obra.";Rescisão amigável;
CT-00399/2015/FESAUDE;HOSPITAL REGIONAL DE SÃO JOSÉ - DR. HOMERO DE MIRANDA GOMES;2015-07-06 00:00:00;2017-07-31 00:00:00;2017-06-30 00:00:00;Termo Rescisão ;Por solicitação da SUH;Rescisão amigável;
CT-00478/2015/FESAUDE;HOSPITAL CELSO RAMOS;2016-03-30 00:00:00;2016-06-28 00:00:00;2017-03-09 00:00:00;Termo de Rescisão;"Decurso de prazo e problemas técnicos
art 78, II,  da Lei 8666/93";Rescisão amigável;
CT-01193/2015/EPAGRI;EPAGRI / CENTRO DE TREINAMENTO FLORIANÓPOLIS;2015-09-17 00:00:00;2016-03-15 00:00:00;2016-01-26 00:00:00;"01";Abandono de obra;Por Ato unilateral da Administração;
CT-00155/2015/SSP-FMSP;CORPO DE BOMBEIROS E POLÍCIA MILITAR DE SANTA CATARINA;2015-10-06 00:00:00;2017-12-03 00:00:00;2017-12-11 00:00:00;;Fundamento na cláusula décima terceira do contrato e Art 78, V, ambos da Lei 8.666/93;Rescisão judicial;
CT-01529/2015/UDESC;UDESC - Fundação Universidade de SC;2015-10-27 00:00:00;2017-10-16 00:00:00;2017-09-27 00:00:00;"1";Em vista a inexecução de cláusulas contratuais, conforme documentos comprobatórios acostados no processo administrativo SGPE 11874/2017;Por Ato unilateral da Administração;
CT-00116/2015/SEDC;SEDE DA SECRETARIA DE ESTADO DA DEFESA CIVIL;2015-10-01 00:00:00;2017-07-14 00:00:00;2017-07-13 00:00:00;"01/2017";Comprovação de subcontratações irregulares, sem prévia autorização e vedada em contrato, conforme item 5 (cinco) da Cláusula Segunda do Contrato e o inciso VI do art. 78 da Lei nº 8.666/1993.;Por Ato unilateral da Administração;
CT-00048/2015/SED;EEB PROF. LAURITA DUTRA DE SOUZA;2016-02-04 00:00:00;2016-05-19 00:00:00;2016-12-21 00:00:00;"1";A EMPRESA NÃO CUMPRIU OS PRAZOS E METAS ESTABELECIDAS NO CONTRATO;Por Ato unilateral da Administração;
AA-02133/2015/UDESC;UDESC  (SECRETARIA DO ESTADO DA FAZENDA SC) TRANSFERÊNCIA DO IMÓVEL PARA UDESC;2015-11-17 00:00:00;2016-05-15 00:00:00;2015-12-16 00:00:00;"2133/UDESC/2015";A empresa DARTORA EMPREITEIRA DE MÃO DE OBRA LTDA ME, vencedora da TP 901/2015 não apresentou a documentação de segurança do trabalho, conforme memorial descritivo presente no esdital TP 901/2015 assim no manual de segurança do trabalgo.;Por Ato unilateral da Administração;
PJ-00052/2014;URUBICI - GRÃO PARÁ (SEG. 2);2014-04-28 00:00:00;2017-07-26 00:00:00;2017-07-18 00:00:00;;Conforme processo DEINFRA 24257/2016.;Rescisão amigável;
PJ-00122/2014;REABILITAÇÃO SC 414 LUIZ ALVES;2014-09-15 00:00:00;2016-05-07 00:00:00;2016-02-29 00:00:00;"00";;;rescisão amigável.
PJ-00129/2014;PRAIA GRANDE - DIVISA SC/RS;2014-11-05 00:00:00;2017-10-22 00:00:00;2017-07-25 00:00:00;DO 20581;Processo DEINFRA 14948/2017;Por Ato unilateral da Administração;
CT-00052/2014 SIE;RODOVIAS ESTADUAIS;2014-09-17 00:00:00;2021-06-15 00:00:00;2021-01-11 00:00:00;Unilateral;"DOE SC 21.688 - de 14/01/2022 - Pag 42
Rescisão Unilateral";Por Ato unilateral da Administração;
CT-00001/2014/SED;EEB SÃO MIGUEL;2014-02-10 00:00:00;2016-06-04 00:00:00;2016-09-21 00:00:00;;O contrato teve decurso de prazo e encontrasse extinto segundo parecer N.619/COJUR/SED/2016 anexo a aba documentos.;;
CT-00007/2014 SDR-TIM;POLÍCIA MILITAR (2 CIA - 10 BPM)  CORPO DE BOMBEIROS (2 CIA - 3 BBM);2014-02-20 00:00:00;2015-04-16 00:00:00;2015-12-16 00:00:00;;Em decorrência do não cumprimento dos prazos contratuais, bem como da divergência entre projeto e planilha orçamentária.;Rescisão amigável;
CT-00012/2014-SDR-ARA;MANUTENÇÃO BEM PÚBLICO - ADR DE ARARANGUÁ;2014-03-25 00:00:00;2015-01-01 00:00:00;2014-05-19 00:00:00;"01/2014";A empresa contratada almeja rescindir o contrato em razão de problemas  técnicos  e financeiros para executar os serviços até aqui constratados. ;Rescisão amigável;
CT-00001/2014/CNV;RODOVIAS ESTADUAIS;2014-01-16 00:00:00;2014-09-18 00:00:00;2014-11-17 00:00:00;"1/2014";Rescisão fundamenta-se no artigo 79, inciso II, da Lei Federal nº 8.666/93. Empresa solicita reequilíbrio financeiro  referente a prejuízos devido ocorrências climáticas, que foi indeferida pela Secretaria de Desenvolvimento Regional de Campos Novos.;Rescisão amigável;
CT-00004/2014 SDR ITA;MANUTENÇÃO BEM PÚBLICO - ADR DE SÃO MIGUEL DO OESTE;2014-03-18 00:00:00;2015-01-01 00:00:00;2014-08-04 00:00:00;"001";A empresa contratada deixou de prestar serviços nos meses de junho e julho, sem a devida justificativa. Devido ao estado do pavimento da rodovia Sc-163, foi necessário rescindir o contrato e contratar nova empresa para realização dos serviços.;Por Ato unilateral da Administração;
CT-00064/2014-SST;CREAS PALMITOS,CREAS TIGRINHOS,CREAS DIONÍSIO CERQUEIRA;2014-06-02 00:00:00;2016-08-08 00:00:00;2017-07-18 00:00:00;;Inadimplência da contratada no que tange a execução total da obra, obras em situação de abandono.;Por Ato unilateral da Administração;
CT-00225/2014/SSP;PRÉDIO PÚBLICO;;;2014-12-08 00:00:00;;Falta de condições financeiras por parte da empresa, para cumprimento das clausulas contratuais.;Por Ato unilateral da Administração;
CT-00229/2014/SSP;PRÉDIO PÚBLICO;;;2014-12-08 00:00:00;;Falta de condições financeiras por parte da empresa, para cumprimento das clausulas contratuais.;Por Ato unilateral da Administração;
CT-00066/2014-SST;CREAS CAMPO ERÊ,CREAS PONTE SERRADA,CREAS GARUVA,CREAS ITUPORANGA,CREAS MARAVILHA;2014-06-02 00:00:00;2016-03-27 00:00:00;2016-08-08 00:00:00;;Inadimplência da contratada no que tange a execução total da obra, obras em situação de abandono.;Por Ato unilateral da Administração;
CT-00070/2014-SST;CRAS BELMONTE,CRAS JUPIÁ,CENTRO DE REFERÊNCIA DE ASSISTÊNCIA SOCIAL - CRAS,CRAS BARRA BONITA,CRAS UN;2014-06-02 00:00:00;2015-01-28 00:00:00;2015-09-22 00:00:00;;Publicação DOE nº 20.163 pág. 102 em 14/10/2015.;Por Ato unilateral da Administração;
CT-00071/2014-SST;CRAS ABDON BATISTA,CRAS PASSOS MAIA,CRAS JABORÁ,CRAS BRUNÓPOLIS ,CRAS XANXERÊ;2014-06-02 00:00:00;2016-03-31 00:00:00;2016-09-29 00:00:00;;Inadimplência da contratada no que tange a execução total da obra, obras em situação de abandono.;Por Ato unilateral da Administração;
CT-00012/2014 SDR BNU;MANUTENÇÃO BEM PÚBLICO - ADR DE BLUMENAU;2014-06-06 00:00:00;2014-12-03 00:00:00;2015-10-16 00:00:00;"012/2014";Rescisão amigável;Rescisão amigável;
CT-00510/2014 SES;HOSPITAL REGIONAL DE SÃO JOSÉ - DR. HOMERO DE MIRANDA GOMES;2014-09-18 00:00:00;2015-01-16 00:00:00;2014-12-04 00:00:00;"1º Termo Rescisão";Em face ao apurado no Processo Administrativo PSES 73322/2014.;Por Ato unilateral da Administração;
CT-00073/2014 SDR XXE;EEB CELESTINO JOSÉ DO NASCIMENTO (TERRENO OCIOSO);2014-08-20 00:00:00;2015-10-18 00:00:00;2015-10-17 00:00:00;"1/2016";Conforme parecer juridico.;Rescisão amigável;
CT-00664/2014/SSP;DELEGACIA DE POLÍCIA DE MASSARANDUBA;2015-02-20 00:00:00;2016-06-20 00:00:00;2016-02-01 00:00:00;;Inadimplência Contratual.;Por Ato unilateral da Administração;
CT-00663/2014/SSP;DELEGACIA DE POLÍCIA DE MASSARANDUBA;2015-02-20 00:00:00;2016-06-20 00:00:00;2016-02-01 00:00:00;;Inadimplência Contratual;Por Ato unilateral da Administração;
CT-00782/2014/CEPLAN/UDESC;UDESC - Fundação Universidade de SC;2014-11-19 00:00:00;2016-01-13 00:00:00;2016-01-14 00:00:00;;Decurso de prazo;;
CT-00009/2014/SED;EEB FELIPE SCHMIDT;2015-01-14 00:00:00;2017-02-07 00:00:00;2017-05-03 00:00:00;;"Extinção do contrato por decurso de prazo conforme parecer nº 369/COJUR/SED/2017 da Consultoria Jurídica da Secretaria de Estado da Educação.
Parecer anexado à aba Documentos.";;
CT-00018/2014 SDR-ITU;EEB PREF. FREDERICO PROBST  (CESSÃO DE USO COMPARTILHADO LEI 16.1972013);2014-10-30 00:00:00;2015-03-31 00:00:00;2015-03-31 00:00:00;"01";Contrato expirado nesta data;Rescisão amigável;
CT-00061/2014 SIE;VIAS MUNICIPAIS;2014-10-31 00:00:00;2016-12-24 00:00:00;2016-10-31 00:00:00;Parecer 263.2016;Deve-se ao fato que a contratante e a contratada entenderam que o projeto deve ser corrigido para que as obras possam ser executadas dentro da boa técnica. Conforme parecer Jurídico n° 263.2016 de 31/10/2016. ;Rescisão amigável;
OC-00958/2014/CASAN;REDE DE DISTRIBUIÇÃO DE ÁGUA;2014-08-29 00:00:00;2015-08-29 00:00:00;2015-07-02 00:00:00;;teste;Por Ato unilateral da Administração;
PJ-00015/2013;INTERS. SC 405 - INTERS. DE ACESSO AO BAIRRO CARIA;2013-04-08 00:00:00;2015-03-29 00:00:00;2015-04-07 00:00:00;DO20036;Processo DEINFRA 2285/2015;Por Ato unilateral da Administração;
PJ-00016/2013;INTERS. AO B. CARIANOS - NOVA AREA TERM. AÉROP.;2013-07-01 00:00:00;2015-06-21 00:00:00;2015-04-07 00:00:00;DO-20036;Processo DEINFRA 2286/2015;Por Ato unilateral da Administração;
PJ-00020/2013;REVITALIZAÇÃO SC 411 GASPAR - BRUSQUE;2013-06-25 00:00:00;2014-02-20 00:00:00;2013-09-13 00:00:00;"020/2013";Rescisão amigável.;Rescisão amigável;
PJ-00030/2013;REVITALIZAÇÃO SC449 - ARARANGUA - MELEIRO;2013-06-19 00:00:00;2014-05-15 00:00:00;2014-09-09 00:00:00;"0";suspensão dos serviçoe por mais de 120 dias, desta forma a empresa perdeu o interesse em executar a obra.;Rescisão amigável;
PJ-00017/2013;REVITALIZAÇÃO PIRATUBA SC461;;;2014-01-29 00:00:00;"017/2013";termo de rescisão amigável.;Rescisão amigável;
PJ-00023/2013;REVITALIZAÇÃO SC 474 MASSARANDUBA - VILA ITOUPAVA;2013-04-08 00:00:00;2013-12-04 00:00:00;2014-01-06 00:00:00;"023.2013";rescisão amigável.;Rescisão amigável;
PJ-00122/2013;CONTORNOS TREVISO/BARRO BRANCO E PONTE R.MÃE LUZIA;2014-04-01 00:00:00;2015-11-01 00:00:00;2016-03-31 00:00:00;;Processo DEINFRA 4279/2016;Rescisão amigável;
PJ-00126/2013;SUPERVISÃO NOVOS CAMINHOS CATARINENSES;2013-06-03 00:00:00;2016-03-23 00:00:00;2017-08-15 00:00:00;"126/2013";RESCISÃO UNILITERAL;Por Ato unilateral da Administração;
PJ-00125/2013;SUPERVISÃO DE OBRAS RODOVIÁRIAS LOTE 01;2013-06-03 00:00:00;2016-03-23 00:00:00;2017-06-27 00:00:00;.;UNILATERAL;Por Ato unilateral da Administração;
PJ-00121/2013;INTERSEÇÃO SC 447 DISTR. IND. JERONIMO SPILLERE;2013-06-24 00:00:00;2013-12-21 00:00:00;2017-07-25 00:00:00;"121/2013";rescisão amigável;Rescisão amigável;
PJ-00113/2013;REVITALIZAÇÃO SC 108 CRICIUMA - FORQUILHINHA;2013-10-08 00:00:00;2014-06-05 00:00:00;2014-07-14 00:00:00;;O pedido partiu da empresa, pois o contrato estava paralizado por mais de 120 dias, não sendo mais interessante para a empresa.;Rescisão amigável;
PJ-00112/2013;REVITALIZAÇÃO SC405 RIO TAVARES - TREVO DO ERASMO;2013-11-01 00:00:00;2014-06-29 00:00:00;2014-09-09 00:00:00;"0";suspensão dos serviços por mais de 120 dias, desta forma a empresa perdeu o interesse em executar a obra.;Rescisão amigável;
PJ-00108/2013;REVITALIZAÇÃO SC350 RIO DO SUL - AURORA;2014-06-02 00:00:00;2015-01-28 00:00:00;2017-11-28 00:00:00;ata047/17;rescisão;Por Ato unilateral da Administração;
PJ-00109/2013;REVITALIZAÇÃO CLARAIBA - SÃO JOÃO BATISTA;2014-06-02 00:00:00;2015-01-28 00:00:00;2017-11-28 00:00:00;ata047/201;rescisão;Por Ato unilateral da Administração;
PJ-00110/2013;REVITALIZAÇÃO SC401 NOVA TRENTO - SÃO JOÃO BATISTA;2014-06-02 00:00:00;2015-01-28 00:00:00;2017-11-28 00:00:00;ata 047/17;rescisão;Por Ato unilateral da Administração;
PJ-00116/2013;INTERSEÇÃO DE ACESSO A UNIDADE PRISIONAL DE BRUSQU;2014-03-11 00:00:00;2014-08-08 00:00:00;2017-05-09 00:00:00;"116/2013";rescisão amigável.;Rescisão amigável;
CO-00022/2013;DUPLICAÇÃO SC401 - INGLESES;2013-09-03 00:00:00;2014-11-27 00:00:00;2014-05-19 00:00:00;R. Unilate;Descumplrimento de inúmeras cláusulas de contrato, conforme apontamentos nas Notificações., conforme Preocesso 796/2014 - Descisão de 19/05/2014;Por Ato unilateral da Administração;
PJ-00197/2013;AC. À IRATÍ - ENTRONC.  - AC. Á UNIÃO OESTE;2013-11-01 00:00:00;2015-04-25 00:00:00;2013-12-20 00:00:00;;Em decorrência dos motivos elencados no processo DEINFRA 25434/2013.;Rescisão amigável;
PJ-00208/2013;REVITALIZAÇÃO DONA EMMA - WITMARSUM SC340;2013-11-01 00:00:00;2016-07-05 00:00:00;2017-11-28 00:00:00;ATA047/201;UNILATERAL;Por Ato unilateral da Administração;
PJ-00252/2013;VOLTA TRISTE - MOEMA;2014-10-13 00:00:00;2016-10-02 00:00:00;2015-08-21 00:00:00;DO-20127;Processo DEINFRA 14955/2015.;Por Ato unilateral da Administração;
PJ-00060/2013;RUA NOVE DE MARÇO (JOINVILLE);2015-09-22 00:00:00;2017-06-24 00:00:00;2017-02-14 00:00:00;;Conforme processo DEINFRA 8354/2016.;Rescisão amigável;
CT-00032/2013/CCT/UDESC;UDESC-FACULDADE DE ENGENHARIA DE JOINVILLE;2013-05-20 00:00:00;2013-12-31 00:00:00;2013-12-31 00:00:00;;Extinção por Decurso de Prazo;;
CT-00459/2013 SES;HOSPITAL INFANTIL JOANA DE GUSMÃO - HOSPITAL NEREU RAMOS(PROJETO DE DOAÇÃO EM TRAMITAÇÃO LEI 17.407);2013-07-08 00:00:00;2013-09-06 00:00:00;2014-12-31 00:00:00;"1º Termo Rescisão";Não faz parte mais do planejamento da unidade;Rescisão amigável;
CT-00002/2013 SDC;RIO ITAJAÍ-MIRIM - TRECHO ITAJAÍ;2013-08-23 00:00:00;2016-12-04 00:00:00;2021-08-02 00:00:00;DC 2077/2021;I ? Supressão de 2% (dois por cento) do valor inicial atualizado do contrato firmado entre as partes, com fundamento no art. 65, inciso II, alínea ?d? e §1º da Lei nº 8.666/93.;Por Ato unilateral da Administração;
CT-00511/2013 CBMSC;BATALHÃO DE AVIAÇÃO DA POLICIA MILITAR (UTILIZA COM CESSÃO DE USOAEROPORTO);2014-02-07 00:00:00;2014-04-08 00:00:00;2015-07-27 00:00:00;;Devido a não previsão do Instituto de Planejamento Urbano de Florianópolis (IPUF) para a aprovação dos pré projetos apresentados pela contratada àquele órgão.;Rescisão amigável;
CT-00025/2013/SED;EEB PREF. HIGINO AGUIAR;2013-11-28 00:00:00;2017-02-10 00:00:00;2017-05-03 00:00:00;;"Decurso de prazo: Extinção do contrato por decurso de prazo conforme parecer nº 370/COJUR/SED/2017 da Consultoria Jurídica da Secretaria de Estado da Educação.
Parecer anexado à aba Documentos.";;
PJ-00025/2012;LIMPEZA PLATAFORMA ESTRADAL  SUPRE LITORAL;2012-03-01 00:00:00;2014-07-20 00:00:00;2015-04-30 00:00:00;"00";rescisão amigável;Rescisão amigável;
PJ-00130/2012;MICRO REVESTIMENTO A FRIO PONTE PEDRO IVO;2012-10-24 00:00:00;2012-12-23 00:00:00;2013-01-30 00:00:00;;.;Rescisão amigável;
PJ-00164/2012;REC. ROD. SC413 JOINVILLE - GUARAMIRIM;;;2017-03-07 00:00:00;"164/2012";amigavel;Rescisão amigável;
PJ-00202/2012;RECUPERAÇÃO SC477 TIMBÓ - BENEDITO NOVO;;;2013-01-10 00:00:00;TA.S/N;POR INTERESSE DA ADMINISTRAÇÃO.;Rescisão amigável;
PJ-00142/2012;PONTOS CRÍTICOS LOTE07 SC446 ORLEANS - URUSSANGA;;;2015-09-23 00:00:00;;rescisão amigável;Rescisão amigável;
PJ-00143/2012;PONTO CRITICO SC446 CRICIUMA - FORQUILHINHA;;;2015-09-23 00:00:00;;rescisão amigável;Rescisão amigável;
PJ-00144/2012;PONTO CRITICO SC449 MELEIRO - ERMO;;;2015-09-23 00:00:00;;rescisão amigável;Rescisão amigável;
PJ-00280/2012;RUA RUY BARBOSA (JOINVILLE);2013-03-01 00:00:00;2013-09-04 00:00:00;2013-10-10 00:00:00;;Em decorrência dos motivos elencados no processo  DEINFRA 19241/2013.;Rescisão amigável;
PJ-00286/2012;CAMINHÃO TAPA BURACO SUPRE OESTE.;;;2015-08-03 00:00:00;;O Deinfra não deu ordem de serviço e a empresa veio a solicitar a rescisão contratutal.;Rescisão amigável;
PJ-00246/2012;CONSERVAÇÃO LITORAL CENTRO;;;2014-09-17 00:00:00;"0";"rescisão amigável;";Rescisão amigável;
PJ-00329/2012;JABORÁ - OURO (LOTE 5);2013-02-04 00:00:00;2016-06-23 00:00:00;2016-07-12 00:00:00;CA-0226/16;Rescisão unilateral constante no processo 10955/2016.;Por Ato unilateral da Administração;
PJ-00331/2012;BR 153 - JABORÁ (LOTE 7);2013-02-04 00:00:00;2015-01-25 00:00:00;2014-08-15 00:00:00;CA-0257/14;Rescisão unilateral constante no processo 15325/2014.;Por Ato unilateral da Administração;
PJ-00334/2012;PAINEL - SÃO JOAQUIM (LOTE 10);2013-02-04 00:00:00;2015-07-24 00:00:00;2013-07-10 00:00:00;;Em decorrência dos motivos elencados no processo DEINFRA 10883/2013.;Rescisão amigável;
CT-00176/2012 SES;HOSPITAL INFANTIL JOANA DE GUSMÃO - HOSPITAL NEREU RAMOS(PROJETO DE DOAÇÃO EM TRAMITAÇÃO LEI 17.407);2012-04-12 00:00:00;2012-07-11 00:00:00;2012-08-30 00:00:00;"01";Inaplicabilidade de itens contratuais;Rescisão amigável;
CT-00077/2012/UDESC/CEAVI;UDESC - Fundação Universidade de SC;2012-04-02 00:00:00;2013-07-26 00:00:00;2012-12-07 00:00:00;"077/CLC/CEAVI/2012";"Rescisão amigavel por acordo entre as partes reduzido a termo no processo de licitação, avendo conveniencia para a administração
";Rescisão amigável;
CT-00270/2012 SES;HOSPITAL DR. WALDOMIRO COLAUTTI (ANTIGO MIGUEL COUTO),MATERNIDADE CATARINA KUSS,MATERNIDADE DARCY VA;2012-05-01 00:00:00;2013-02-04 00:00:00;2012-09-05 00:00:00;Termo Cancelamento;Devido ao não  aendimento do objeto;;
CT-00172/2012/FAED/UDESC;UDESC - CAMPUS I;;;2012-08-21 00:00:00;"01";Fica o presente contrato rescindido por acordo entre os partícipes, por motivos de conveniência para a UDESC, rescisão esta fulcrada no inciso II do artigo 79 da Lei Federal das Licitações e Contratos da Administração Pública (Lei 8.666/93);Rescisão amigável;
CT-00735/2012 SES;HOSPITAL CELSO RAMOS;2012-11-20 00:00:00;2014-11-21 00:00:00;2014-11-20 00:00:00;Termo Rescisão;Fundamentada no Art. 78, Incisos I, II, III, V e VII, c/c o Art. 79, Inciso I, da Lei Federal nº 8666/93, em face do que foi apurado no Processo Administrativo PSES 20.630/2013.;Por Ato unilateral da Administração;
CT-00330/2012 SES;EDIFÍCIO HALLEY;2013-02-01 00:00:00;2014-02-01 00:00:00;2013-12-31 00:00:00;"1º Termo Aditivo";Devido a saída do contarto do controle SICOP;;
CT-00108/2012 SES;MATERNIDADE CARMELA DUTRA (HEMOSC - CEPON);2013-03-23 00:00:00;2014-03-23 00:00:00;2013-12-31 00:00:00;Término Contrato;Não acompanahdo via SICOP;;
CT-00053/2012 SIE;VIAS MUNICIPAIS, PONTES;2012-12-31 00:00:00;2013-12-23 00:00:00;2013-10-01 00:00:00;"001/2013";A rescisão deve-se ao fato que a contratante e a contratada entenderam que o modelo estrutural e orçamento são incompatíveis de serem executados. O lote referente ao muro de gabião na rua Amadeu Nardi foi concluído, a rescisão refere-se ao lote da re;Rescisão amigável;
PJ-00038/2011;PONTE SOBRE O CANAL DA BARRA;;;2013-06-25 00:00:00;-;.;Rescisão amigável;
CT-00013/2011 EPAGRI;EPAGRI / ESTAÇÃO EXPERIMENTAL DE SÃO JOAQUIM;2011-01-03 00:00:00;2011-11-03 00:00:00;2011-11-02 00:00:00;"01";teste;Por Ato unilateral da Administração;
CT-00045/2011/UDESC/CAMPUSII;UDESC / CENTRO DE CIENCIAS TECNOLOGICAS - CCT;2011-04-26 00:00:00;2011-08-24 00:00:00;2011-12-31 00:00:00;"01";Empresa não atendeu as expectativas.;Rescisão amigável;
CT-00077/2011/UDESC/CAMPUSI;UDESC  (SECRETARIA DO ESTADO DA FAZENDA SC) TRANSFERÊNCIA DO IMÓVEL PARA UDESC;2011-08-11 00:00:00;2012-04-08 00:00:00;2012-11-06 00:00:00;;Em razão do contrato CT-00077/2011/UDESC/CAMPUSI em sua cláusula 16º (Vigência e Execução do Contrato) determinar que o prazo de vigência inicia na sua assinatura e se encerra em 31/12/2011, portanto o prazo deste contrato expirou;;
CT-00047/2011-SED;EEB MANOEL CRUZ;2012-01-24 00:00:00;2014-09-10 00:00:00;2015-10-02 00:00:00;;Contrato extinto por decurso de prazo conforme parecer N 329 COJUR SED 2015;;
CT-00013/2011/SDR09;EEB JOSEFINA CALDEIRA DE ANDRADE;2011-09-30 00:00:00;2011-11-29 00:00:00;2012-01-10 00:00:00;;a obra não foi iniciada a tempo de ser feito o pgto com orçamento de 2011, cujo estav empenhado para esta obra;;
CT-00012/2011/SDR09;EEB CECILIA VIVAN;2011-09-30 00:00:00;2011-11-29 00:00:00;2012-01-10 00:00:00;;"as obras não foram iniciadas em tempo para ser efetuado pagamento com o orçamento de 2011, o qual estava empenhado para essa obra
";;
CT-00040/2011/SDR19;EEM ENGENHEIRO ANNES GUALBERTO;2011-11-11 00:00:00;2016-11-19 00:00:00;2016-08-24 00:00:00;"001";Conforme parecer conjur nº 04-08.10-72/2016 - no qual parecer pontua que a irregularidade não somente na inexecução ;Por Ato unilateral da Administração;
CT-00019/2011 SDR BNU;DELEGACIA DE POLÍCIA;2011-12-08 00:00:00;2012-03-07 00:00:00;2012-10-24 00:00:00;;Rescisão: O presente Termo tem por objeto a rescisão amigável do contrato administrativo nº 019/2011, firmado entre a Secretaria de Desenvolvimento Regional de Blumenau e a Empresa Salver Empreiteira de Mão de Obra Ltda.;Rescisão amigável;
CT-00862/2011/FUMPOM;POLICIA MILITAR DE SANTA CATARINA;2012-01-01 00:00:00;2014-06-16 00:00:00;2014-04-04 00:00:00;;"TERMO DE RESCISÃO ADMINISTRATIVA DO CONTRATO Nº 862/PMSC/2011 DA CONCORRENCIA Nº 209/PMSC/2011.
haja vista a empresa ter abandonado a execução do objeto do contrato supra sem apresentar justificativa e previa comunicação à Administração.";Por Ato unilateral da Administração;
CT-00012/2011 SDR PAL;EEB DELMINDA SILVEIRA;2011-12-09 00:00:00;2013-02-01 00:00:00;2013-07-19 00:00:00;"001/2013";Constando atraso na construção do Ginásio de Esportes junto a Escola de Educação Básica Delminda Silveira, da cidade de Mondai/SC, e ainda, recebido informações dando conta da má qualidade dos serviços ali prestado.;Por Ato unilateral da Administração;
CT-00024/2011 SCC;CENTRO ADMINISTRATIVO DO ESTADO;2012-01-06 00:00:00;2012-03-06 00:00:00;2012-12-21 00:00:00;;Não interesse do contratante na execução dos serviços restantes, notadamente nas Instalações Elétricas.;Rescisão amigável;
PJ-00172/2010;ESTRADA ARAQUARI - RIO DO MORRO (JOINVILLE);2013-04-08 00:00:00;2017-05-24 00:00:00;2017-03-07 00:00:00;;Conforme processo DEINFRA 25473/2016.;Rescisão amigável;
PJ-00193/2010;EVTEA - TERM. PORTUÁRIO DE FPOLIS;2010-07-09 00:00:00;2011-01-05 00:00:00;2010-07-09 00:00:00;;Encerrado;Por Ato unilateral da Administração;
PJ-00328/2010;CONTORNO VIÁRIO VIDEIRA (L.1);2011-06-01 00:00:00;2014-08-12 00:00:00;2014-04-04 00:00:00;"000/0000";Processo DEINFRA 3556/2014;Rescisão amigável;
PJ-00367/2010;MAJOR GERCINO-ANGELINA E ITUPORANGA-SC-428;2011-02-07 00:00:00;2012-09-29 00:00:00;2012-09-24 00:00:00;"0320/2012";Devido a inviabilidade da análise econômica da rodovia SC 108, trecho Major Gercino - Angelina, e a conclusão do projeto de engenharia da rodovia SC 314, trecho Itupuranga - Entrocamento da rodovia SC 428 (acesso a Imbuia).;Rescisão amigável;
PJ-00403/2010;REC. SC485 - JACINTO MACHADO - BR-101;2011-04-11 00:00:00;2012-03-06 00:00:00;2014-09-09 00:00:00;"0";suspensão dos serviços por mais de 120 dias, desta forma a empresa perdeu o interesse em executar a obra.;Rescisão amigável;
PJ-00404/2010;TRAVESSIA URBANA DE VILA NOVA;;;2019-01-22 00:00:00;"0021/2019";rescisão amigavel.;Rescisão amigável;
CT-00010/2010-SED;INSTITUTO ESTADUAL DE EDUCAÇÃO;2010-03-10 00:00:00;2010-05-09 00:00:00;2011-01-09 00:00:00;"1";Rescisão em função de que o projeto licitado e contratado não atendia às necessidades atuais.;Rescisão amigável;
CT-00008/2010/SDRTUB;EEB GENERAL OSVALDO PINTO DA VEIGA;2010-07-01 00:00:00;2011-09-24 00:00:00;2011-07-06 00:00:00;"04";Art. 79, Inciso II, Lei 8.666/93;Rescisão amigável;
CT-00845/2010 EPAGRI;EPAGRI / ESTAÇÃO EXPERIMENTAL DE LAGES;2010-06-16 00:00:00;2011-03-01 00:00:00;2011-03-01 00:00:00;"209/11";A assessoria jurídica entendeu pela impossibilidade de prorrogação do contrato, em decorrência do descumprimento do cronograma da obra, estabelecidas no referido contrato. ;Por Ato unilateral da Administração;
CT-00100/2010-SED;CEDUP - CENTRO DE EDUCAÇÃO PROFISSIONALIZANTE (COLÉGIO AGRÍCOLA);2010-09-13 00:00:00;2012-09-02 00:00:00;2013-09-10 00:00:00;;Por conveniência administrativa e inexistência de prejuízo a Empresa contratada;Rescisão amigável;
CT-00009/2010/SDR36;RODOVIAS ESTADUAIS;2010-09-10 00:00:00;2013-06-30 00:00:00;2014-07-18 00:00:00;"001/2014";"Descuprimento das cláusulas contratuais e editalícias; Descumprimento das determinações da fiscalização; Atraso no cronograma de execução da obra.";Por Ato unilateral da Administração;
CT-00137/2010-SED;CENTRO INTER-ESCOLAR DE 2° GRAU;2010-10-27 00:00:00;2011-08-23 00:00:00;2013-11-05 00:00:00;;Termo de rescisão unilateral de contrato N 137/2010  por descumprimento da clausula primeira do contrato de acordo com documento anexo a aba documentos.;Por Ato unilateral da Administração;
CT-00138/2010-SED;COLÉGIO AGRÍCOLA;;;2011-06-10 00:00:00;s/n;Rescisão amigável em virtude de não haver mais interesse em executar a obra.;Rescisão amigável;
CT-00042/2010 SDR BNU;VIAS MUNICIPAIS;2010-12-15 00:00:00;2013-12-25 00:00:00;2015-03-30 00:00:00;"042/2010";Cancelamento das obras. Devido a falta de recursos para continuidade das obras. Esse termo de rescisão ja havia sido cadastrada , mas foi necessario ativar o contrato  para pagamento da 34 ª medição conforme processo SDR 15 0600/2016 aut. e., ant.;Rescisão amigável;
CT-00029/2010SDRCNV;SC-456 - TRECHO VARGEM - ABDON BATISTA E SC458 - TRECHO CELSO RAMOS - ANITA GARIBALDE, RODOVIAS ESTA;2010-06-28 00:00:00;2011-01-20 00:00:00;2011-06-10 00:00:00;;A recisão do contrato ocorreu pelo fato da contratada não demosntrar interesse na renovação dentro do prazo legal, e por não ter a contratante interessada em continuar recebendo a prestação de serviços, objeto do contrato.;Por Ato unilateral da Administração;
CT-00024/2010 COHAB;CONJUNTO HABITACIONAL;2010-05-19 00:00:00;2011-01-14 00:00:00;2011-11-17 00:00:00;;Distrato devido indisponibilidade dos terrenos, e a impossibilidade conclusão das obras no prazo concedido.;Rescisão amigável;
CT-00439/2010/UDESC/CAMPUSI;UDESC  (SECRETARIA DO ESTADO DA FAZENDA SC) TRANSFERÊNCIA DO IMÓVEL PARA UDESC;2011-01-06 00:00:00;2014-01-22 00:00:00;2014-04-03 00:00:00;;Contrato formalmente extinguiu-se por prazo, tendo em vista o não cumprimento de prazos por parte da empresa contratada, conforme exposto na CI 196/2014 em fls. 683 do processo.;;
CT-00025/2010 COHAB;CONJUNTO HABITACIONAL;2010-07-12 00:00:00;2011-06-20 00:00:00;2011-05-25 00:00:00;"0/0";Rescisão solicitada pela contratada.;Rescisão amigável;
PJ-00068/2009;CAMINHAO TAPA-BURACO PLANALTO;2009-06-23 00:00:00;2016-12-10 00:00:00;2018-05-23 00:00:00;;RESCISÃO AMIGAVEL;Rescisão amigável;
PJ-00212/2009;CONTENÇÃO ENCOSTAS SÃO JOSÉ;2009-05-22 00:00:00;2009-11-18 00:00:00;2010-05-18 00:00:00;;Motivos elencados no processo DEIP-2587/106.;Rescisão amigável;
PJ-00232/2009;PONTES E PONTILHÕES E SÃO CARLOS;2009-05-22 00:00:00;2009-11-18 00:00:00;2009-11-18 00:00:00;DEIP 12815;Motivos elencados no processo DEIP 12815;Rescisão amigável;
PJ-00240/2009;PONTES E PONTILHÕES EM GASPAR;2009-05-22 00:00:00;2009-11-18 00:00:00;2009-11-17 00:00:00;DEIP 12375;Motivos elencados do processo DEIP 12375;Rescisão amigável;
PJ-00348/2009;CAMINHA TAPA-BURACO SUL;2009-09-01 00:00:00;2012-08-16 00:00:00;2019-07-08 00:00:00;"348/2009";rescisão amigável.;Rescisão amigável;
PJ-00373/2009;GABIÃO ENTR. SC407 - SÃO LUIZ;;;2011-07-22 00:00:00;;interesse da administração;Rescisão amigável;
PJ-00389/2009;RECUPERAÇÃO PONTE SOBRE O RIO ALTO VARGINHA;;;2011-07-22 00:00:00;;interesse da administração;Rescisão amigável;
PJ-00454/2009;SUPERVISÃO ENTR. BR 470 - ACESSO A ILHOTA;2009-11-22 00:00:00;2014-07-24 00:00:00;2016-03-22 00:00:00;;Processo DEINFRA 4296/2016;Rescisão amigável;
PJ-00500/2009;PONTE E ACESSO AILHOTA;2009-11-22 00:00:00;2012-08-22 00:00:00;2012-07-27 00:00:00;;Em decorrência dos motivos elencados no processo DEINFRA nº 8152/2012;Rescisão amigável;
PJ-00457/2009;TERRAPLANAGEM E MURO PONTE STA ROSA DE LIMA;;;2011-08-09 00:00:00;"11163/2011";;;TERMINO DO CONVENIO
PJ-00473/2009;OAE PONTE SOBRE O RIO POVOAMENTO;;;2011-07-22 00:00:00;;interesse da administração;Rescisão amigável;
PJ-00470/2009;OAE - ANITÁPOLIS;;;2011-07-22 00:00:00;;por interesse da administração;Rescisão amigável;
CT-00006/2009 SAR;POÇOS ARTESIANOS;2009-05-21 00:00:00;2011-05-02 00:00:00;2010-12-09 00:00:00;"1335/GAB";Regovado o contrato devido a total impossibilidade técnica de executá-lo em tempo hábil.;Rescisão amigável;
CT-00020/2009 SDR SAR;VIAS MUNICIPAIS;2009-10-05 00:00:00;2012-09-04 00:00:00;2014-02-14 00:00:00;;A Empresa não apresentou as medições, laudos conforme exigia o contrato.;Por Ato unilateral da Administração;
CT-00729/2009 SES;HOSPITAL SANTA TEREZA DE DERMATOLOGIA SANITÁRIA (HSTDS);2010-01-07 00:00:00;2010-07-06 00:00:00;2010-07-05 00:00:00;Rescição CT 729/2009;Devido a descumprimento de cláusulas do contrato;Rescisão amigável;
CT-00035/2009-SDR30;EEB GOV. IRINEU BORNHAUSEN;2009-12-07 00:00:00;2012-03-30 00:00:00;2012-10-19 00:00:00;"1";Contrato rescindido em observância ao art. 79, inciso I da Lei 8.666/93 e pelo previsto na cláusula sétima do contrato.;Rescisão amigável;
CT-00003/2009 SIE;AEROPORTO DE SÃO JOAQUIM;2009-12-22 00:00:00;2012-02-04 00:00:00;2014-06-11 00:00:00;;Considerando o apurado nos Processos SIE 2653/2013, SIE 2652/2013, SIE 2252/2013, SIE 2297/2013, SIE 586/2014 e SIE 1168/2014.;Por Ato unilateral da Administração;
CT-73885/2009 COHAB;UNIDADE HABITACIONAL;2009-05-29 00:00:00;2010-06-30 00:00:00;2010-06-17 00:00:00;"755281";Não tem mais interesse no Programa Habitacional;Rescisão amigável;
CT-00023/2009 COHAB;UNIDADE HABITACIONAL;2009-10-02 00:00:00;2010-01-30 00:00:00;2010-03-24 00:00:00;"23/2010";Rescisão solicitada pela empresa contratada alegando impossibilidade de cumprir cronograma físico estabelecido na proposta.;Por Ato unilateral da Administração;
CT-00612/2009 SES;EDIFÍCIO HALLEY,HOSPITAL REGIONAL DE SÃO JOSÉ - DR. HOMERO DE MIRANDA GOMES,HOSPITAL CELSO RAMOS,HOS;2011-12-01 00:00:00;2013-12-30 00:00:00;2014-12-31 00:00:00;Cancelamento;Não renovaçção do contrato;;
PJ-00088/2008;RIO NEGRINHO - ACESSO A VOLTA GRANDE;2008-04-24 00:00:00;2011-03-20 00:00:00;2010-12-20 00:00:00;;Art. 79, II c/c § 1º, da lei nº 8.666/93.;Rescisão amigável;
PJ-00183/2008;FORN. MATERIAIS PARA DEMARCAÇÃO DE ENDEREÇAMENTO;2008-10-06 00:00:00;2009-06-03 00:00:00;2014-02-11 00:00:00;;rescisão amigável;Rescisão amigável;
PJ-00220/2008;SUPERVISÃO VILA NOVA - BR 101 (JOINVILLE);2008-09-16 00:00:00;2010-01-16 00:00:00;2009-11-12 00:00:00;;Incapacidade Operacional;;Incapacidade Operacional
PJ-00264/2008;PONTE HERCÍLIO LUZ - RESTAURAÇÃO, REABILITAÇÃO;2008-12-01 00:00:00;2014-12-31 00:00:00;2014-08-19 00:00:00;DO-19.890;Conforme Processo SCC 5278/2014 e DEINFRA 14881/2014.;Por Ato unilateral da Administração;
CT-00001/2008/SDRCCO;CONSERVAÇÃO DAS RODOVIAS SC 283, 479, 469, 480...;2008-01-31 00:00:00;2008-12-31 00:00:00;2008-12-31 00:00:00;"001/2008";Pelo fato dos serviços estarem sendo executados com os detentos, não havendo mais necessidade dos gastos e serviços objetos deste contrato.;Rescisão amigável;
CT-00008/2008 SDR BNU;CADEIA PÚBLICA;2008-06-17 00:00:00;2009-09-30 00:00:00;2009-09-30 00:00:00;;"A empresa informa ""que não dispõe de condições...de realizar a entrega da obra definitiva"".";Por Ato unilateral da Administração;
CT-00021/2008SDRJVE;HOSPITAL REGIONAL DIETER SCHMIDT(MANUTENÇÃO);2008-05-28 00:00:00;2009-05-28 00:00:00;2010-01-05 00:00:00;;Devido acordo entre a empresa e a direção do Hospital, não havendo a necessidade da execução de serviços (saldo).;Rescisão amigável;
CT-00027/2008 SDRSJQ;EEB ARAUJO FIGUEIREDO;2008-08-22 00:00:00;2010-06-13 00:00:00;2010-06-15 00:00:00;"001";CANCELAMENTO DE OBRA PELO ABANDONO DOS SERVIÇOS POR PARTE DA EMPRESA CONTRATADA;Por Ato unilateral da Administração;
CT-00029/2008SDRJVE;PRESIDIO REGIONAL DE JOINVILLE/SC-SEMI-ABERTO;2008-06-19 00:00:00;2009-04-15 00:00:00;2009-03-03 00:00:00;;Indeferimento pelo Grupo Gestor de Governo da solicitação de aditivo de valor resultante do acréscimo contratual ocorrido.;Rescisão amigável;
CT-00025/2008/SDR-ITI;EEB LAUREANO PACHECO;2008-08-27 00:00:00;2009-08-22 00:00:00;2010-08-20 00:00:00;;"Contrato foi extinto em 22/08/2009, deixou-se de promover a prorrogação do prazo ainda dentro da vigência, sendo vedada a sua prorrogação após sua extinção em decorrência do decurso do prazo.""

";;
CT-00030/2008 SEF;GERÊNCIA REGIONAL DA FAZENDA ESTADUAL DE LAGES;2008-11-18 00:00:00;2009-11-13 00:00:00;2010-05-18 00:00:00;;ABANDONO DA CONTRATADA;Por Ato unilateral da Administração;
CT-00052/2008 SDRSJQ;EEB DJALMA BENTO;2008-11-21 00:00:00;2011-01-10 00:00:00;2010-11-30 00:00:00;"001/2010";PELO NÃO TÉRMINO DA OBRA (ABANDONO) PELA EMPRESA VENCEDORA DA LICITAÇAO;Rescisão judicial;
CT-00054/2008 SDRSJQ;EEB DJALMA BENTO;2008-11-24 00:00:00;2010-12-22 00:00:00;2010-11-30 00:00:00;"002/2010";PELO NÃO TÉRMINO DA OBRA (ABANDONO) PELA EMPRESA VENCEDORA DA LICITAÇAO;Rescisão judicial;
CT-00095/2008SDRJVE;HOSPITAL REGIONAL HANS DIETER SCHMIDT(CONFORTO);2008-12-10 00:00:00;2009-03-10 00:00:00;2009-02-26 00:00:00;;A referida obra ficou contemplada em conjunto com o Hospital e a Univille, conforme parecer jurídico da SDR-Joinville de 26/02/2009.;;
CT-00090/2008/SDR-ITI;EEB PREFEITO OLEGÁRIO BERNARDES;2008-12-01 00:00:00;2009-03-31 00:00:00;2010-08-20 00:00:00;;"Contrato foi extinto em 31/03/2009, deixou-se de promover a prorrogação do prazo ainda dentro da vigência, sendo vedada a sua prorrogação após sua extinção em decorrência do decurso do prazo.""

";;
CT-01009/2008 SES;ALMOXARIFADO CENTRAL DA SES (GERAB);2009-01-26 00:00:00;2010-06-20 00:00:00;2010-07-01 00:00:00;"012010";Devido a trâmites para aquisição de almoxarifado;Rescisão amigável;
CT-00086/2008SDRJVE;HOSPITAL REGIONAL HANS DIETER SCHMIDT;2008-12-05 00:00:00;2009-02-03 00:00:00;2009-06-19 00:00:00;;Em razão da insuficiência de dados técnicos indispensáveis para a conclusão integral do objeto do contrato.;Rescisão amigável;
CT-72414/2008 COHAB;UNIDADE HABITACIONAL;2009-03-25 00:00:00;2010-12-31 00:00:00;2010-10-14 00:00:00;"1";Desistência do financiamento junto a COHAB/SC;Rescisão amigável;
CT-72417/2008 COHAB;UNIDADE HABITACIONAL;2009-03-19 00:00:00;2010-12-31 00:00:00;2010-10-24 00:00:00;"1";Beneficiário desistiu do financiamento;Rescisão amigável;
CT-72418/2008 COHAB;UNIDADE HABITACIONAL;2009-03-19 00:00:00;2010-12-31 00:00:00;2010-11-08 00:00:00;"1";Beneficiário desistiu do financiamento;Rescisão amigável;
CT-72453/2008 COHAB;UNIDADE HABITACIONAL;2009-03-19 00:00:00;2010-12-31 00:00:00;2010-11-08 00:00:00;"1";Beneficiário desistiu do financiamento;Rescisão amigável;
CT-72415/2008 COHAB;UNIDADE HABITACIONAL;2009-03-19 00:00:00;2010-12-31 00:00:00;2010-11-08 00:00:00;"1";Beneficiário desistiu do financiamento;Rescisão amigável;
CT-73166/2008 COHAB;UNIDADE HABITACIONAL;2009-03-19 00:00:00;2010-06-30 00:00:00;2010-06-21 00:00:00;"1";Beneficiário desistiu do financiamento;Rescisão amigável;
PJ-00150/2007;SUPERVISÃO TRECHO PAPANDUVA - SC 419;2009-03-02 00:00:00;2012-07-19 00:00:00;2013-11-28 00:00:00;;Motivos elencados no Processo DEINFRA 23963/2013.;Rescisão amigável;
PJ-00152/2007;SUPERVISÃO DIVISA SC/RS - PRAIA GRANDE;2007-12-01 00:00:00;2012-05-28 00:00:00;2013-11-12 00:00:00;;Em decorrência dos motivos elencados no processo DEINFRA 22791/2013.;Rescisão amigável;
CT-00063/2007-SED;EEB PROF. HONÓRIO MIRANDA;2007-06-22 00:00:00;2008-04-17 00:00:00;2010-02-23 00:00:00;"1";O objeto do contrato apresentou quantitativos irreais porque não contemplou serviços necessários a conclusão da obra.;Rescisão amigável;
CT-00619/2007 SES;ALMOXARIFADO DA DIVE;2007-08-24 00:00:00;2008-08-18 00:00:00;2007-09-25 00:00:00;;Devido ao não  realização do projeto executivo;Rescisão amigável;
OC-00750/2007;REDE DE DISTRIBUIÇÃO DE ÁGUA;2007-05-02 00:00:00;2008-02-26 00:00:00;2007-05-02 00:00:00;;Terreno não liberado. Obra não iniciada.;;
CT-00030/2007SR18;EEF SANTO ANTÔNIO;2007-12-12 00:00:00;2008-03-31 00:00:00;2008-04-02 00:00:00;"002/2008";A contratada não tinha interesse no momento de administrar a obra, pois passa por um periodo de transição administrativa com falecimento do sócio proprietário, Sr. Cládio Pessi.;;
CT-00032/2007SR18;EEB TANIA MARA FARIAE SILVA LOCKS;2008-01-23 00:00:00;2008-04-02 00:00:00;2008-04-02 00:00:00;"001/2008";A contratada solicita a rescisão do contrato, pois enfrenta momento de transição administrativa, devido o falecimento de seu diretor presidente Claudio Pessi e no momento não possue condições administrativas e financeiras para gerir novos contratos.;;
PJ-00035/2006;SC 477 TRECHO MOEMA - ENTROCAMENTO SC 419;2006-03-01 00:00:00;2008-12-29 00:00:00;2008-12-12 00:00:00;;Motivos elencados no processo DEIP 8149/089;;Motivos elencados no processo DEIP 8149/089
PJ-00170/2006/PROSUL;PONTE HERCÍLIO LUZ - SUPERVISÃO E FISCALIZAÇÃO;2006-08-29 00:00:00;2015-02-28 00:00:00;2015-08-26 00:00:00;DO-20130;Processo DEINFRA 15150/2015.;Por Ato unilateral da Administração;
PJ-00170/2006;PONTE HERCÍLIO LUZ - SUPERVISÃO E FISCALIZAÇÃO;2006-08-29 00:00:00;2015-02-28 00:00:00;2015-08-26 00:00:00;DO-20130;Processo DEINFRA 15150/2015.;Por Ato unilateral da Administração;
PJ-00216/2006;DIVISA SC/RS - PRAIA GRANDE;2007-12-01 00:00:00;2014-03-07 00:00:00;2013-10-09 00:00:00;DO-19.678;Conforme processo DEINFRA 22007/2013.;Por Ato unilateral da Administração;
PJ-00213/2006;PAPANDUVA - ENTROC. SC 419;2009-03-02 00:00:00;2014-04-10 00:00:00;2013-10-09 00:00:00;;Conforme processo DEINFRA 22191/2013.;Por Ato unilateral da Administração;
CT-00016/2006 CDR;SC-455, ENTR. SC-451 - MACIEIRA;2006-05-04 00:00:00;2007-10-26 00:00:00;2008-08-13 00:00:00;;INCAPACIDADE OPERACIONAL DA EXECUTANTE.;;
CT-00599/2006 SSP;COMPLEXO PENITENCIÁRIO SÃO PEDRO DE ALCÂNTARA;2006-09-14 00:00:00;2007-03-13 00:00:00;2007-02-16 00:00:00;"002/2007";A COMUNIDADE NAO PERMITIU A EXECUÇAO DA OBRA, SENDO QUE O MESMO TEVE O PRAZO DE EXECUÇAO E VIGENCIA EXPIRADO POR INEXECUÇAO;Por Ato unilateral da Administração;
CT-00598/2006/SSP;COMPLEXO PENITENCIÁRIO SÃO PEDRO DE ALCÂNTARA;2006-09-14 00:00:00;2008-09-13 00:00:00;2007-02-16 00:00:00;"001/2007";A COMUNIDADE NAO PERMITIU O INICIO DA OBRA  E O CONTRATO TEVE SEU PRAZO DE EXECUÇAO E VIGENCIA EXPIRADOS;Por Ato unilateral da Administração;
CT-00377/2006 SSP;"6ª DELEGACIA DE POLÍCIA";2006-05-02 00:00:00;2006-06-01 00:00:00;2006-06-01 00:00:00;"001/2006";A vencedora do certame não iniciou e executou o contrato, que em razão de ter sua vigência se  extinguido. ;Por Ato unilateral da Administração;
CT-69735/2006 COHAB;UNIDADE HABITACIONAL;2008-08-14 00:00:00;2010-12-27 00:00:00;2011-02-24 00:00:00;"1";Beneficiário desistiu do financiamento;Rescisão amigável;
CT-68044/2006 COHAB;UNIDADE HABITACIONAL;2007-12-10 00:00:00;2010-06-30 00:00:00;2010-05-20 00:00:00;"1";Beneficiário desistiu do financiamento;Rescisão amigável;
CT-69646/2006 COHAB;UNIDADE HABITACIONAL;2008-11-03 00:00:00;2010-12-27 00:00:00;2010-10-14 00:00:00;"1";Beneficiário desistiu do financiamento;Rescisão amigável;
CT-68062/2006 COHAB;UNIDADE HABITACIONAL;2007-12-10 00:00:00;2010-12-27 00:00:00;2010-08-06 00:00:00;"1";Beneficiário desistiu do financiamento;Rescisão amigável;
CT-68102/2006 COHAB;UNIDADE HABITACIONAL;2007-12-10 00:00:00;2010-12-27 00:00:00;2010-09-10 00:00:00;"1";Beneficiário desistiu do financiamento;Rescisão amigável;
CT-68078/2006 COHAB;UNIDADE HABITACIONAL;2007-12-10 00:00:00;2010-12-31 00:00:00;2010-09-14 00:00:00;"1";Beneficiário desistiu do financiamento;Rescisão amigável;
CT-69654/2006 COHAB;UNIDADE HABITACIONAL;2008-11-03 00:00:00;2010-12-31 00:00:00;2010-10-14 00:00:00;"1";Beneficiário desistiu do financiamento;Rescisão amigável;
PJ-00001/2005;SC478 - TIMBÓ GRANDE - BR 116;2005-03-17 00:00:00;2007-06-17 00:00:00;2007-05-16 00:00:00;;Motivos elencados nos processos DEIP-2921/073 e DEP-3360/075.;;Motivos elencados nos processos DEIP-2921/073 e DEP-3360/075.
CT-00059/2005/SED;EEB SALUSTIANO CABRERA;2005-08-29 00:00:00;2009-07-29 00:00:00;2010-02-03 00:00:00;"01";Rescisão contratual unilateral ;Por Ato unilateral da Administração;
CT-00043/2005 SDRLGS;DEINFRA;2005-08-05 00:00:00;2005-09-04 00:00:00;2005-08-05 00:00:00;;Recisão por dificuldades financeiras.;;
CT-00001/2005-SDRJVE;EEB MARLI MARIA DE SOUZA;2005-02-22 00:00:00;2005-12-01 00:00:00;2005-05-19 00:00:00;;esta obra foi paralizada e rescindido o contrato, passando por uma nova licitação e ja foi concluida;;
OC-00702/2005;SISTEMA DE ESGOTAMENTO SANITÁRIO;2005-09-21 00:00:00;2006-07-18 00:00:00;2008-09-19 00:00:00;;Com a licitação de obras do PAC - Programa de Aceleração do Crescimento o projeto licitado e com contrato assinado, porém sem que as obras tivessem início, foi modificado para execução em conformidade com os recursos liberados pelo Governo Federal.;Rescisão amigável;
OC-00718/2005;POÇOS ARTESIANOS;2005-12-06 00:00:00;2006-08-15 00:00:00;2005-12-06 00:00:00;;Empreiteira não apresentou condições técnicas apropriadas para fazer as obras avançarem.;;
CT-00023/2005 SDRRSL;EEB WILLY HERING;2005-12-06 00:00:00;2008-01-01 00:00:00;2007-11-26 00:00:00;"023/2005";a contratada justificou não ter condições de prosseguimento na obra em razão de problemas legais;;
CT-01278/2005 SES;MATERNIDADE DONA CATARINA KUSS;2005-11-11 00:00:00;2006-05-10 00:00:00;2007-03-12 00:00:00;"02/SGA";Abandono da obra;;
CT-00308/2005 SES;DIRETORIA DE VIGILÂNCIA SANITÁRIA;2005-03-04 00:00:00;2005-11-29 00:00:00;2006-04-10 00:00:00;;Devido ao abandono da obra;;
CT-00100/2005;EEB. HORACIO NUNES;2005-10-28 00:00:00;2007-06-20 00:00:00;2008-05-30 00:00:00;"01";Rescisão Unilateral.;;
CT-00017/2005;EEB.ARY MASCARENHAS PASSOS;2005-02-15 00:00:00;2006-04-11 00:00:00;2006-05-05 00:00:00;"1";Obra abandonada.;;
CT-00021/2005 SDR MFA;EEF ARGEMIRO GONÇALVES;2005-07-28 00:00:00;2009-06-14 00:00:00;2009-11-25 00:00:00;"02/2009";Descumprimento de cláusula contratual.;Rescisão amigável;
PJ-00277/2004;SC487 - BARRA DO CAMACHO - JAGUARUNA;2004-06-27 00:00:00;2006-06-17 00:00:00;2005-05-05 00:00:00;;Motivos elencados no processo DEP-25144/049 - TERMO DE RESILIÇÃO.;;Motivos elencados no processo DEP-25144/049
CT-00002/2004SDR-JCA;EEB ERNESTO HACHMANN;2004-06-29 00:00:00;2005-06-24 00:00:00;2005-10-18 00:00:00;;Publicação no DOE n. 17.749 de 24/10/2005.;;
CT-00124/2004/SED;EEF RAFAEL DAL PAI;2004-05-31 00:00:00;2007-12-12 00:00:00;2010-08-13 00:00:00;"1";A obra não foi concluida por motivo de falecimento do proprietario;Por Ato unilateral da Administração;
CT-00121/2004/SED;EEB CORONEL GASPARINO ZORZI;2004-05-31 00:00:00;2006-12-17 00:00:00;2007-09-11 00:00:00;"01";Rescisão contratual unilateral. Autoridades da região denunciam paralisação da obra, com prejuizos ao funcionamento regular da escola. Fundamento Juridico, após analise, deduz pela inexecução do contrato, por culpa da Empresa.;;
CT-00065/2004/SED;EEB JOSÉ RODRIGUES LOPES;2004-02-16 00:00:00;2005-04-11 00:00:00;2007-10-17 00:00:00;;Rescisão de acordo com os Artigos 77, 78 - I, 79 § 1º, 80 - I, § 1º e 87 II §§s 1º e 2º da Lei 8666/93.;;
CT-00055/2004/SEF   ;GERÊNCIA REGIONAL DA SEF;2004-10-17 00:00:00;2005-06-14 00:00:00;2005-12-12 00:00:00;;Não;;Não
CT-00274/2004/UDESC;UDESC - CAMPUS I;2005-02-02 00:00:00;2005-05-03 00:00:00;2005-04-19 00:00:00;"274/2004";"Consta no processo: ""... necessidade de acréscimo na obra superior ao limite permitido no art. 65 da Lei 8.66/1993...""";Rescisão amigável;
CT-00013/2004-SDRSGE;EEB SÃO SEBASTIÃO;2004-04-23 00:00:00;2005-12-18 00:00:00;2006-04-03 00:00:00;;Rescisão unilateral do contrato por abandono da obra.;;
CT-00183/2004/SED;EEB JOSÉ ARANTES;2004-09-13 00:00:00;2006-08-04 00:00:00;2009-07-16 00:00:00;"01";Foi rescindido o contrato porque a  empresa deixou de cumpri-lo;Por Ato unilateral da Administração;
CT-00811/2004 SES;DIRETORIA DE VIGILÂNCIA EPIDEMIOLÓGICA;2004-08-17 00:00:00;2005-10-31 00:00:00;2006-04-10 00:00:00;T R  00811/2004 SES;Por comun acordo. devido ao abandono da obra;;
CT-00812/2004 SES;HOSPITAL SANTA TEREZA;2004-08-23 00:00:00;2005-10-17 00:00:00;2006-03-06 00:00:00;;DEvido ao abandono da obra;;
CT-00079/2004;EEB. AMÉRICA DUTRA MACHADO;2004-03-03 00:00:00;2004-11-28 00:00:00;2005-03-17 00:00:00;"1";Rescisão Unilateral;;
CT-00032/2004;EEB. GAMA ROSA;2004-03-12 00:00:00;2005-06-05 00:00:00;2005-08-19 00:00:00;"1";A empresa abandonou a obra.;;
CT-00039/2004;EEB. DR. ADERBAL RAMOS;2004-03-12 00:00:00;2005-01-06 00:00:00;2005-05-04 00:00:00;"1";A empresa abandonou a obra.;;
CT-00033/2004/SED;EEB. JOÃO FREDERICO HECK;2004-03-09 00:00:00;2005-02-02 00:00:00;2005-05-04 00:00:00;"01";Justificativa ausente: Processo arquivado.;;
CT-00038/2004;EEB. DOM JAIME CÂMERA;2004-03-10 00:00:00;2005-02-03 00:00:00;2005-05-04 00:00:00;unilateral;Abandono da obra.;;
CT-00040/2004;EEB> ANISIO VICENTE DE FREITAS;2004-03-18 00:00:00;2005-02-11 00:00:00;2005-05-04 00:00:00;Unilateral;Abandono da obra.;;
CT-00142/2004;EEB. IRINEU BORNHAUSEN;2004-07-27 00:00:00;2005-01-23 00:00:00;2005-03-07 00:00:00;Unilateral;Obra não iniciada.;;
CT-00288/2003/SDRCCO;EEB NELSON HOROSTECKI;2004-02-02 00:00:00;2005-09-24 00:00:00;2007-03-06 00:00:00;;Por abandono da obra pela Empreiteira.;;
CT-00362/2003/SED;EEB GOVERNADOR ILDO MENEGHETTI;2004-01-05 00:00:00;2004-04-04 00:00:00;2004-11-05 00:00:00;"01";art. 77 e 88,I e V, art. 80, I e § 1º todos da lei 8.666/93.;;
CT-00336/2003/SDRCCO;EEB CORONEL LARA RIBAS;2002-09-17 00:00:00;2003-01-15 00:00:00;2005-02-28 00:00:00;SED-1;UNILATERAL SED;;UNILATERAL SED
CT-00297/2003 SED;EEB PEDRO MACIEL;2004-02-12 00:00:00;2004-11-01 00:00:00;2006-02-23 00:00:00;"1";sem a documentação. processo já arquivado;;
CT-00446/2003-SED;CEDUP DARIO GERALDO SALLES;2004-03-15 00:00:00;2005-08-07 00:00:00;2008-09-10 00:00:00;"01";Rescisão amigável. ;;
CT-00034/2003;EEF. PROFESSOR LAPAGESSE;2003-05-23 00:00:00;2003-07-22 00:00:00;2003-10-29 00:00:00;"1";Obra não iniciada.;;
PJ-00050/2002;SC426 - Abdon Batista - BR282 (Vargem);2002-03-11 00:00:00;2003-08-11 00:00:00;2009-06-05 00:00:00;;A Diretoria Gestora do contrato sustenta que o mesmo está paralisado desde 24 de junho de 2003, e que vários estudos e projetos já elaborados ou iniciados encontram-se defasados;Rescisão amigável;
CT-00329/2002/SED;EEB OSNI PAULINO DA SILVA;2002-10-07 00:00:00;2003-02-04 00:00:00;2005-03-07 00:00:00;"01";Amigável, por acordo entre as partes. ;;
CT-00327/2002/SED;EEB THEODURETO CARLOS DE FARIAS SOUTO;2002-10-07 00:00:00;2003-02-04 00:00:00;2005-03-07 00:00:00;"1";Amigavel, por acordo entre as partes ;;
CT-00343/2002/SED;EEB RAUL POMPEIA;2002-10-07 00:00:00;2003-02-04 00:00:00;2005-03-31 00:00:00;"01";Amigavel, por acordo entre as partes.;;
CT-00328/2002/SED;EEB IRMÃ WIENFRIDA;2002-09-23 00:00:00;2003-01-21 00:00:00;2003-01-20 00:00:00;"1111";Não;;Não
CT-00443/2002/SED   ;EEB JOSEFINA CALDEIRA DE ANDRADE;2002-12-06 00:00:00;2003-04-05 00:00:00;2003-07-02 00:00:00;;Amigável entre as partes;;Amigável entre as partes
CT-00435/2002/SED;EEB FREI NICODEMOS;2002-12-13 00:00:00;2003-04-12 00:00:00;2003-07-02 00:00:00;;Amigável por acordo entre as partes - Diário oficial nº 17.207 de 01.08.2003;;Amigável por acordo entre as partes
CT-00309/2002/SED;EEB ANTÔNIO GONZAGA;2002-09-17 00:00:00;2003-01-15 00:00:00;2005-03-01 00:00:00;SED-1;UNILATERAL SED;;UNILATERAL SED
CT-00170/2002/SED;EEB MONTEIRO LOBATO;2002-08-05 00:00:00;2003-04-12 00:00:00;2003-10-15 00:00:00;;Justificativa ausente por arquivamento de processo. Fundamento: Artigo 79, II: amigavel, por acordo entre as partes reduzidas a termo no processo da Licitação com conveniencia para a administração publica. ;;
CT-00324/2002/SED;EEB JOÃO ROPELATO;2002-09-02 00:00:00;2002-12-31 00:00:00;2005-03-01 00:00:00;SED-1;UNILATERAL SED;;UNILATERAL SED
CT-00302/2002/SED;EEB GUSTAVO FRIEDERICH;2002-09-02 00:00:00;2002-12-31 00:00:00;2005-03-01 00:00:00;SED-1;UNILATERAL SED;;UNILATERAL SED
CT-00305/2002/SED;EEB ESTANISLAU SCHURMANN;2002-09-17 00:00:00;2003-01-15 00:00:00;2005-03-01 00:00:00;SED-1;UNILATERAL SED;;UNILATERAL SED
CT-00316/2002/SED;EEB FREI MEANDRO CAMPOS;2002-09-17 00:00:00;2003-01-15 00:00:00;2005-03-01 00:00:00;SED-1;UNILATERAL SED;;UNILATERAL SED
CT-00312/2002/SED;EEB HORÁCIO NUNES;2002-09-17 00:00:00;2003-01-15 00:00:00;2005-03-01 00:00:00;SED-1;UNILATERAL SED;;UNILATERAL SED
CT-00307/2002/SED;EEB RODOLFO ZIPPERER;2002-09-17 00:00:00;2003-01-15 00:00:00;2005-03-01 00:00:00;SED-01;UNILATERAL SED;;UNILATERAL SED
CT-00418/2002/SED;EEB SÃO JOÃO;2002-11-13 00:00:00;2004-01-07 00:00:00;2005-08-26 00:00:00;"01";"Em conformidade com o Artigo 77 c/c 78, itens I, III e 79, inciso I e 87 inciso III da Lei 8666/93. Sugere o Parecer penalidade estipuladas na Clausula Decima Primeira do Contrato. Itens ""b.2"" e ""c"". ";;
CT-00335/2002/SED;EEB PAULO CORDEIRO;2002-09-23 00:00:00;2003-01-21 00:00:00;2005-03-01 00:00:00;;UNILATERAL SED;;UNILATERAL SED
CT-00347/2002/SED;EEB EXP. MÁRIO NARDELLI;2002-09-23 00:00:00;2003-01-21 00:00:00;2003-01-20 00:00:00;;;;
CT-00317/2002/SED;EEB FREI MANOEL PHILIPPI;2002-09-17 00:00:00;2003-01-15 00:00:00;2005-02-28 00:00:00;SED-1;UNILATERAL SED;;UNILATERAL SED
CT-00334/2002/SED;EEB DR. HERMAN BLUMENAU;2002-09-23 00:00:00;2003-01-21 00:00:00;2003-01-21 00:00:00;"11111";Não;;Não
CT-00434/2002/SED   ;EEB FRANCISCO MANFROI;2002-12-05 00:00:00;2003-04-04 00:00:00;2004-03-16 00:00:00;;Amigável por acordo entre as partes;;Amigável por acordo entre as partes
CT-00436/2002/SED;EEB ZULMIRA ALTA DA SILVA;2002-12-13 00:00:00;2003-04-12 00:00:00;2004-03-16 00:00:00;;AMIGÁVEL POR ACORDO ENTRE AS PARTES;;AMIGÁVEL POR ACORDO ENTRE AS PARTES
CT-00346/2002/SED;EEB JOÃO XXIII;2002-09-02 00:00:00;2002-12-31 00:00:00;2003-07-02 00:00:00;;amigável por acordo entre as partes;;amigável por acordo entre as partes
CT-00344/2002/SED   ;EEB SARA CASTELHANO KLEINKAUFF;2002-09-02 00:00:00;2002-12-31 00:00:00;2003-07-02 00:00:00;;Amigável por acordo entre as partes;;Amigável por acordo entre as partes
CT-00311/2002/SED;EEB IZIDORO B. MORO;2002-09-02 00:00:00;2002-12-31 00:00:00;2005-02-28 00:00:00;SED-1;UNILATERAL SED;;UNILATERAL SED
CT-00315/2002/SED;EEB PROF. MASUETO BOFF;2002-09-02 00:00:00;2002-12-31 00:00:00;2005-02-28 00:00:00;SED-1;UNILATERAL SED;;UNILATERAL SED
CT-00323/2002/SED   ;EEB CÂNDIDO RAMOS;2002-09-02 00:00:00;2002-12-31 00:00:00;2005-02-28 00:00:00;SED 1;UNILATERAL SED;;UNILATERAL SED
CT-00351/2002/SED   ;EEB JOÃO ROBERTO MOREIRA;2002-09-02 00:00:00;2002-12-31 00:00:00;2002-12-30 00:00:00;"11111";Não Infomado;;Não Infomado
CT-00354/2002/SED;EEB GENERAL LIBERATO BITTENCOURT;2002-09-02 00:00:00;2002-12-31 00:00:00;2005-02-28 00:00:00;SED-1;UNILATERAL SED;;UNILATERAL SED
CT-00308/2002/SED;EEB ISABEL DA SILVA TELLES;2002-09-02 00:00:00;2002-12-31 00:00:00;2005-02-28 00:00:00;SED-1;UNILATERAL SED;;UNILATERAL SED
CT-00340/2002/SED;EEB ANACLETO DAMIANI;2002-09-02 00:00:00;2003-08-28 00:00:00;2003-08-27 00:00:00;"11111";Não;;Não
CT-00349/2002/SED;EEB PROFº SALUSTINO CABREIRA;2002-09-02 00:00:00;2003-08-28 00:00:00;2003-08-27 00:00:00;"1111";Não;;Não
CT-00326/2002/SED;EEB IRMÃO JOAQUIM;2002-09-02 00:00:00;2002-12-31 00:00:00;2005-02-28 00:00:00;SED-1;UNILATERAL SED;;UNILATERAL SED
CT-00342/2002/SED;EEB SÃO CRISTÓVÃO;2002-09-02 00:00:00;2002-12-31 00:00:00;2005-02-28 00:00:00;SED-1;UNILATERAL SED;;UNILATERAL SED
CT-00310/2002/SED;EEB CARLOS CHAGAS;2002-09-02 00:00:00;2002-12-31 00:00:00;2005-02-28 00:00:00;SED-1;UNILATERAL SED;;UNILATERAL SED
CT-00303/2002/SED;EEB VIRGÍLIO VÁRZEA;2002-09-02 00:00:00;2002-12-31 00:00:00;2005-03-01 00:00:00;SED-1;UNILATERAL SED;;UNILATERAL SED
CT-00304/2002/SED;EEB BARÃO DE ANTONINA;2002-09-02 00:00:00;2002-12-31 00:00:00;2005-03-01 00:00:00;SED-1;UNILATERAL SED;;UNILATERAL SED
CT-00321/2002/SED;EEB FREDERICO FENDRICH;2002-09-02 00:00:00;2002-12-31 00:00:00;2005-03-01 00:00:00;SED-1;UNILATERAL SED;;UNILATERAL SED
CT-00306/2002/SED;EEB PROFª MARIA PAULA FERES;2002-09-02 00:00:00;2002-12-31 00:00:00;2005-03-01 00:00:00;SED-1;UNILATERAL SED;;UNILATERAL SED
CT-00301/2002/SED;EEB JORGE ZIPPERER;2002-09-02 00:00:00;2002-12-31 00:00:00;2005-03-01 00:00:00;SED-1;UNILATERAL SED;;UNILATERAL SED
CT-00320/2002/SED;EEB PROFª AURORA SIQUEIRA JABLONXKI;2002-09-02 00:00:00;2002-12-31 00:00:00;2005-02-28 00:00:00;SED-1;UNILATERAL SED;;UNILATERAL SED
CT-00314/2002/SED;EEB LUIS DAVET;2002-09-02 00:00:00;2002-12-31 00:00:00;2005-03-01 00:00:00;SED-1;UNILATERAL SED;;UNILATERAL SED
CT-00353/2002/SED   ;EEB SILVA JARDIM;2002-09-02 00:00:00;2003-05-30 00:00:00;2003-05-29 00:00:00;"1111";Não;;Não
CT-00318/2002/SED   ;EEB MONTE ALVERNE;2002-09-02 00:00:00;2002-12-31 00:00:00;2002-12-30 00:00:00;"1111";Não;;Não
CT-00322/2002/SED;EEB SÃO JOÃO BOSCO;2002-09-02 00:00:00;2002-12-31 00:00:00;2005-02-28 00:00:00;SED-1;UNILATERAL SED;;UNILATERAL SED
CT-00319/2002/SED   ;EEB SEMÍRAMIS BOSCO;2002-09-02 00:00:00;2002-12-31 00:00:00;2002-12-30 00:00:00;"1111";Não;;Não
CT-00338/2002/SED   ;EEB LUIZ BERTOLI;2002-09-02 00:00:00;2002-12-31 00:00:00;2005-02-28 00:00:00;SED-1;UNILATERAL SED;;UNILATERAL SED
CT-00333/2002/SED   ;EEB ARNO SIEVERDT;2002-09-02 00:00:00;2002-12-31 00:00:00;2005-03-01 00:00:00;sed-1;UNILATERAL SED;;UNILATERAL SED
CT-00348/2002/SED   ;EEB DOM PEDRO II;2002-09-02 00:00:00;2002-12-31 00:00:00;2005-04-13 00:00:00;"1";RESCISÃO CONTRATUAL UNILATERAL;;
CT-00350/2002/SED   ;EEB PATRÍCIO JOÃO DE OLIVEIRA;2002-09-02 00:00:00;2002-12-31 00:00:00;2005-04-13 00:00:00;"1";RESCISÃO CONTRATUAL UNILATERAL;;
CT-00330/2002/SED   ;EEB DR. GUILHERME JOSÉ MILLEN;2002-09-02 00:00:00;2002-12-31 00:00:00;2005-03-07 00:00:00;"1";RESCISÃO CONTRATUAL UNILATERAL;;
CT-00337/2002/SED   ;EEB CORONEL ERNESTO BERTASO;2002-09-02 00:00:00;2002-12-31 00:00:00;2003-08-04 00:00:00;"1";A OBRA FOI REVOGADA EM 04/08/02003 CONFORME PARECER Nº 940/COJUR/2003, FOLHAS 68 E 69 PUBLICADO EM 07/08/2003 D.O. Nº 17.211 PAGINA 17;;
CT-00331/2002/SED   ;EEB MARECHAL BORMANN;2002-09-02 00:00:00;2002-12-31 00:00:00;2003-08-04 00:00:00;"1";A OBRA FOI REVOGADA EM 04/08/02003 CONFORME PARECER Nº 940/COJUR/2003, FOLHAS 68 E 69 PUBLICADO EM 07/08/2003 D.O. Nº 17.211 PAGINA 17;;
CT-00352/2002/SED;EEB JOSÉ MARCOLINO ECKERT;2002-09-02 00:00:00;2002-12-31 00:00:00;2003-08-13 00:00:00;;Trata-se de um TERMO DE REVOGAÇÃO. Ver tela inicial.;;
CT-00246/2001/SED;EIEF TARUMÃ;2002-03-05 00:00:00;2002-05-04 00:00:00;2002-05-03 00:00:00;"11111";Não declarado;;Não declarado
